rho,n_features,n_samples,noise,seed,cond,mean_cv,median_cv,max_cv,n_active,coef_err,spurious,missed
0.0,6,30,0.01,0,1.8054489354627443,0.12746561344668578,0.12746561344668578,0.203854910317694,2,0.0036542653173646895,0,0
0.0,6,30,0.01,1,2.476775037080757,0.1375604968777263,0.1375604968777263,0.2444864136924312,2,0.001699614511519815,0,0
0.0,6,30,0.01,2,1.832897493957609,0.045763912134291346,0.045763912134291346,0.06188166924781901,2,0.0012601257343420637,0,0
0.0,6,30,0.01,3,1.9959551109455806,0.10820631867133973,0.10820631867133973,0.15117982581426606,2,0.0008079539688761985,0,0
0.0,6,30,0.01,4,2.1880938320726693,0.10213074392091213,0.10213074392091213,0.15134415713909727,2,0.0028890567134119026,0,0
0.0,6,30,0.01,5,1.7999362830149186,0.10545937095277017,0.10545937095277017,0.1896461629165413,2,0.0021462771756775275,0,0
0.0,6,30,0.01,6,1.9235607935716201,0.07972721609799369,0.07972721609799369,0.1377146242700213,2,0.0009875521674468253,0,0
0.0,6,30,0.01,7,2.0214090610125424,0.12689921277792673,0.12689921277792673,0.14859957907411428,2,0.0020394115421275105,0,0
0.99,6,30,0.01,0,19.859957864744864,0.07043144229614769,0.07043144229614769,0.085750664386405,2,0.002883750298775166,0,0
0.99,6,30,0.01,1,13.917214644999644,0.8623663121407654,0.231304738714216,2.3077506993639583,3,0.013472620831783974,1,0
0.99,6,30,0.01,2,13.60151248451835,1.198193443388196,0.3099444300330063,3.278002945814643,3,0.020771095276897425,1,0
0.99,6,30,0.01,3,16.94955990804707,0.21546641497306526,0.21546641497306526,0.40340566700337865,2,0.0007198785419254738,0,0
0.99,6,30,0.01,4,13.805595643972804,0.11616323218369101,0.11616323218369101,0.17911372119594146,2,0.002867264478048362,0,0
0.99,6,30,0.01,5,13.523363439275835,0.409474847206677,0.4294814240833239,0.7440875347373883,3,0.02264929086124261,1,0
0.99,6,30,0.01,6,14.919302871368687,0.60963543847511,0.008763437859313057,1.8133611392577234,3,0.0032033993838072273,1,0
0.99,6,30,0.01,7,14.681889821276354,0.25775262619187467,0.25775262619187467,0.4932856813316346,2,0.0018662166862017091,0,0
0.999,6,30,0.01,0,62.89594853348536,0.11529171216017958,0.11529171216017958,0.2121748642927549,2,0.003962767525653687,0,0
0.999,6,30,0.01,1,44.710538774107526,1.8127742466381074,0.7532916828734382,4.6708548647967145,3,0.05162108836734597,1,0
0.999,6,30,0.01,2,42.75661593292948,1.0133257455370426,0.7848874097297733,2.250507107895736,3,0.06337996980039369,1,0
0.999,6,30,0.01,3,53.4052491266742,0.5214752752460521,0.5214752752460521,1.0339280637078943,2,0.0007147909199027234,0,0
0.999,6,30,0.01,4,44.426942161783465,0.2541738339723511,0.2541738339723511,0.4925317632217314,2,0.0028506298493528605,0,0
0.999,6,30,0.01,5,43.62208740173257,1.3934793944745243,1.0548475134950932,3.109262717279129,3,0.07489379434050573,1,0
0.999,6,30,0.01,6,47.32728350989058,0.6727926592575048,0.05400344744167469,1.9600766470776072,3,0.020903473726864755,1,0
0.999,6,30,0.01,7,47.43552759861976,1.3641160816242321,1.6494583422942275,2.4360099555956363,3,0.010578236955699746,1,0
0.9999,6,30,0.01,0,198.86361283003646,0.30597034321136307,0.30597034321136307,0.605605751487904,2,0.0025167430245992797,0,0
0.9999,6,30,0.01,1,142.18448140295015,5.893540888488654,2.3578947688593432,15.318262045078217,3,0.1646547330136931,1,0
0.9999,6,30,0.01,2,134.9635592922911,1.1862631055042752,1.4285581982800064,2.12638162016338,3,0.1980709659157509,1,0
0.9999,6,30,0.01,3,168.6220054483532,2.8693799088942096,2.1035793716548894,6.502399860339768,3,0.0007153072748267609,1,0
0.9999,6,30,0.01,4,141.2917359715233,2.6195619997807724,1.2482503488339005,6.606449400329725,3,0.01294252394824051,1,0
0.9999,6,30,0.01,5,138.8106152737439,1.6512396733631283,1.506233242852239,3.4426961547133423,3,0.24042101472373006,1,0
0.9999,6,30,0.01,6,149.79928187692283,0.6533044829169351,0.22633226684341065,1.7308778245815983,3,0.06581437157877504,1,0
0.9999,6,30,0.01,7,151.04167734494033,9.549213170211607,3.334694661906332,25.3097974153695,3,0.058549287471496785,1,0
0.99999,6,30,0.01,0,628.7917427834366,0.8052865943379363,0.8052865943379363,1.607539212024756,2,0.0025167430245992797,0,0
0.99999,6,30,0.01,1,450.45401174362587,44.19224764626264,6.872203306686648,125.70240499873002,3,0.45906476756103526,1,0
0.99999,6,30,0.01,2,426.55128177499864,1.3271814353118452,1.9097641096250437,2.067998570187241,3,0.6239896471569574,1,0
0.99999,6,30,0.01,3,532.9485081679388,2.605395755146201,3.0479718083573637,4.76663213629594,3,0.001011649327228451,1,0
0.99999,6,30,0.01,4,447.6128341752277,2.5002492563744787,2.4704493968964605,5.028946122338705,3,0.03845786852692184,1,0
0.99999,6,30,0.01,5,439.82470035994186,1.2476844633062785,1.6664262304530053,2.074489979871717,3,0.7639466581316698,1,0
0.99999,6,30,0.01,6,473.8408057573383,0.9497780685889631,0.9215788153852218,1.9253362795062554,3,0.2078475162619058,1,0
0.99999,6,30,0.01,7,478.68120338365924,3.435456133083889,3.799840964603518,6.503936024095674,3,0.18715268025333912,1,0
0.999999,6,30,0.01,0,1988.3314085562574,1.7062598149682773,1.7062598149682773,3.4102635909971526,2,0.002517279132875094,0,0
0.999999,6,30,0.01,1,1425.2972526231645,53.39627326265659,53.39627326265659,106.79074674922984,2,1.2486403620629034,1,1
0.999999,6,30,0.01,2,1348.6338638902148,1.396678071635292,2.0506377963547884,2.1355293478274056,3,1.6278116712239052,1,0
0.999999,6,30,0.01,3,1685.043485471176,2.7720328121530966,3.7178574286268153,4.596841030505363,3,0.0009119417759890356,1,0
0.999999,6,30,0.01,4,1416.2874278163035,2.7565222029761602,3.587111272659166,4.680877445658652,3,0.11977097155812588,1,0
0.999999,6,30,0.01,5,1391.7152042924838,0.8642071421907576,0.8642071421907576,1.7263893177403238,2,1.2481441433734926,1,1
0.999999,6,30,0.01,6,1498.5490239539047,3.8625448332990966,2.5224241159631924,9.06284062289311,3,0.6569991430673173,1,0
0.999999,6,30,0.01,7,1514.770785713487,2.8667570588151214,3.9790003075395948,4.618633607429202,3,0.5938830398057678,1,0
0.0,6,50,0.01,0,1.6539218530364004,0.04705546951080311,0.04705546951080311,0.06770227920785235,2,0.0011605381138652163,0,0
0.0,6,50,0.01,1,1.7012013409807107,0.14850844117538603,0.14850844117538603,0.22289057343514895,2,0.001368725398478777,0,0
0.0,6,50,0.01,2,1.563652989373625,0.4921756568948036,0.4282968971285781,1.0823022626741219,4,0.021010791553406204,2,0
0.0,6,50,0.01,3,1.8826193001522151,0.13911920381456586,0.13911920381456586,0.20508833625022288,2,0.00023410534130803207,0,0
0.0,6,50,0.01,4,1.7461767315615369,0.09229295633594455,0.09229295633594455,0.16940032572596841,2,0.0014035843216952464,0,0
0.0,6,50,0.01,5,1.9442599820478539,0.043367661458998674,0.043367661458998674,0.06933004131312197,2,0.0017972674220019806,0,0
0.0,6,50,0.01,6,1.8417230201750336,0.07075308779973472,0.07075308779973472,0.09716037317837146,2,0.00045542214263820033,0,0
0.0,6,50,0.01,7,1.7810490100841567,0.10178384709776805,0.10178384709776805,0.17431505113741855,2,0.0011831148188934876,0,0
0.99,6,50,0.01,0,17.24555749410276,0.5919693832322044,0.1368500929302267,1.631871929496091,3,0.006118495806817431,1,0
0.99,6,50,0.01,1,15.240846480358568,0.14650947051676388,0.14650947051676388,0.27072775972157204,2,0.0016221849534802308,0,0
0.99,6,50,0.01,2,13.601439060914725,0.3688402749056361,0.26272921180282466,0.8277652858651194,3,0.07193072739234645,1,0
0.99,6,50,0.01,3,16.55362630855801,0.18893311033673185,0.18893311033673185,0.34139097156325365,2,0.0001706312116309381,0,0
0.99,6,50,0.01,4,18.12118452289746,0.05197725783799309,0.05197725783799309,0.08244237638510826,2,0.0015522898170590362,0,0
0.99,6,50,0.01,5,13.603552299369332,0.5919117602736493,0.5866468536736974,1.1179843811399448,3,0.01942998816473885,1,0
0.99,6,50,0.01,6,15.778683928810258,0.5643943607725269,0.3504027160772456,1.3221748661262438,3,0.02034647551894947,1,0
0.99,6,50,0.01,7,14.127631652053978,0.0700282261218357,0.0700282261218357,0.12644723171433753,2,0.001113525394926841,0,0
0.999,6,50,0.01,0,54.88084052095093,1.2315478622118048,0.35128718654920793,3.3406491567061782,3,0.02141468216771216,1,0
0.999,6,50,0.01,1,48.400228649095794,1.8480348207524704,0.9318222806475914,4.605176914486711,3,0.01969733253637145,1,0
0.999,6,50,0.01,2,42.393789789288014,0.7391967753940839,1.0006340579887838,1.2118120751505257,3,0.21204319602816654,1,0
0.999,6,50,0.01,3,51.35696533245136,0.37427675078938416,0.37427675078938416,0.7367485553781196,2,0.0005655344165037103,0,0
0.999,6,50,0.01,4,57.07446402585534,0.16035306230104346,0.16035306230104346,0.3121445592418573,2,0.0018874393284493975,0,0
0.999,6,50,0.01,5,42.85117508942837,1.8536316505276955,1.5872357936348598,3.9517444066416743,3,0.05939626804588519,1,0
0.999,6,50,0.01,6,49.965087025490064,1.2048797110266098,1.6155254567936574,1.992519067676904,3,0.0681003115336921,1,0
0.999,6,50,0.01,7,44.90028460884398,0.27136711781109196,0.27136711781109196,0.5365191423549242,2,0.0020620234671315835,0,0
0.9999,6,50,0.01,0,173.7981423213519,9.114664982299834,0.8597866870714006,26.48234478439239,3,0.06996642962105133,1,0
0.9999,6,50,0.01,1,153.18199817455275,6.068128368232127,2.972604073773711,15.228779634476123,3,0.0635028494260762,1,0
0.9999,6,50,0.01,2,133.4182077072245,3.042549616653249,1.3892913165915202,7.736014540744791,3,0.6558038483758606,1,0
0.9999,6,50,0.01,3,161.37756908374624,0.6148103561205372,0.6148103561205372,1.2257163490321277,2,0.0005655344165037405,0,0
0.9999,6,50,0.01,4,180.14905147820178,0.6156139430817208,0.6156139430817208,1.2281600203853764,2,0.0027051360662875374,0,0
0.9999,6,50,0.01,5,135.36048999046432,2.472061740757097,2.1271810574855645,5.282943118394686,3,0.18572652700198186,1,0
0.9999,6,50,0.01,6,158.0818940307724,2.8059326832466067,2.0646570964571973,6.351349697445451,3,0.21506349237531505,1,0
0.9999,6,50,0.01,7,142.16276535563605,1.8404518778017047,1.8404518778017047,3.677844469463842,2,0.0020620234671315835,0,0
0.99999,6,50,0.01,0,549.8167899848801,2.1674003232595256,1.6697848349572102,4.830753369741588,3,0.22354513958335648,1,0
0.99999,6,50,0.01,1,484.50616754836597,25.36985113627603,8.957612905558241,67.1496928007908,3,0.20212627003202904,1,0
0.99999,6,50,0.01,2,421.255952662395,1.3320181160493585,1.6793686747507235,2.314953556026567,3,0.925515369755902,1,0
0.99999,6,50,0.01,3,509.2827237575183,1.1508229513295676,1.5645663862684978,1.885734564139526,3,0.03358188671446467,1,0
0.99999,6,50,0.01,4,569.3125744388094,5.366660543676266,5.366660543676266,10.731243076444109,2,0.002705136066288057,0,0
0.99999,6,50,0.01,5,427.9071201986923,1.8175667729846534,2.400684904213317,3.050222155723728,3,0.585204152086712,1,0
0.99999,6,50,0.01,6,499.98014942378325,1.698803442239484,2.308113805750349,2.7871027012658285,3,0.67976901198224,1,0
0.99999,6,50,0.01,7,449.7181650475925,2.440053459982638,2.440053459982638,4.877742359187044,2,0.0020620234671316845,0,0
0.999999,6,50,0.01,0,1738.8823438275333,2.0546332281872943,2.400756899412998,3.7615238470452366,3,0.7092163332469551,1,0
0.999999,6,50,0.01,1,1532.2372819930463,177.18839288225112,23.732506103018725,507.8305752897535,3,0.6405176020503717,1,0
0.999999,6,50,0.01,2,1331.476813859352,0.886085681135292,0.886085681135292,1.7704705904349778,2,1.2452200843467003,1,1
0.999999,6,50,0.01,3,1609.4522132625118,1.187207801827214,1.7253449319723875,1.8345475501314834,3,0.10583078134399858,1,0
0.999999,6,50,0.01,4,1799.9455405031422,3.80063238734114,3.80063238734114,7.599446132971942,2,0.0027051360662875374,0,0
0.999999,6,50,0.01,5,1353.0228674601312,1.2519100861591475,1.2519100861591475,2.502678264475526,2,1.2479412142688062,1,1
0.999999,6,50,0.01,6,1581.1582603703905,1.5868667215366894,2.3654228196735634,2.393751533018106,3,1.3501057329929844,1,0
0.999999,6,50,0.01,7,1422.2888088117472,1.4096429296137098,1.4096429296137098,2.8171152553000547,2,0.0020620234671316173,0,0
0.0,6,100,0.01,0,1.4634206977555348,0.04297120261147378,0.04297120261147378,0.06317467911154545,2,0.0013488453388702552,0,0
0.0,6,100,0.01,1,1.411654960642138,0.029374224171079027,0.029374224171079027,0.03840739851014255,2,0.000819990335727481,0,0
0.0,6,100,0.01,2,1.3220467073229334,0.036280234446411146,0.036280234446411146,0.055595032732355304,2,0.0019544920820094387,0,0
0.0,6,100,0.01,3,1.502349415830757,0.08085077401951593,0.08085077401951593,0.14123033973833876,2,0.00010893132608590045,0,0
0.0,6,100,0.01,4,1.5449787422577526,0.06358783468637418,0.06358783468637418,0.09594782969738466,2,0.0012763105692664915,0,0
0.0,6,100,0.01,5,1.5699805699530656,0.1238731736660057,0.1238731736660057,0.19103171544835126,2,0.001670785676253935,0,0
0.0,6,100,0.01,6,1.689928500939917,0.08357309308741313,0.08357309308741313,0.13555827682840121,2,0.0009739724214884013,0,0
0.0,6,100,0.01,7,1.5130531106391716,0.055340555504637345,0.055340555504637345,0.08825521092463076,2,0.00028185634404851427,0,0
0.99,6,100,0.01,0,15.017650320166439,0.13923628225751217,0.13923628225751217,0.2702728899696192,2,0.0014673024827456917,0,0
0.99,6,100,0.01,1,12.277327056725825,0.07794363522893834,0.07794363522893834,0.14751659353769048,2,0.0020855494743996076,0,0
0.99,6,100,0.01,2,14.097991904882091,0.12409695110655371,0.12409695110655371,0.23158479220673117,2,0.0021008869812716947,0,0
0.99,6,100,0.01,3,14.712523960548904,0.0750011351592323,0.0750011351592323,0.13736179627996117,2,0.0001615405716455028,0,0
0.99,6,100,0.01,4,15.10484855171392,1.2711940119984393,0.25887625282998755,3.5218906152659106,3,0.003911636415743837,1,0
0.99,6,100,0.01,5,13.545685726390994,0.21968304244727715,0.21968304244727715,0.4247981698777114,2,0.0019226043726411788,0,0
0.99,6,100,0.01,6,18.460630674107627,0.15863867420894243,0.15863867420894243,0.2989281810622469,2,0.0008556002071486437,0,0
0.99,6,100,0.01,7,13.726120172311107,0.0902776687833093,0.0902776687833093,0.1692088485092213,2,0.0003925114972854713,0,0
0.999,6,100,0.01,0,47.66397403499577,0.40658123573764754,0.40658123573764754,0.8104350820950581,2,0.0019108349032780207,0,0
0.999,6,100,0.01,1,38.858211100782185,1.4108324731295137,0.42504758241834223,3.8042945712987897,3,0.011820518368212204,1,0
0.999,6,100,0.01,2,44.615802491024944,37.15814346299473,0.6487865648969025,110.82039835017315,3,0.011903080399095144,1,0
0.999,6,100,0.01,3,47.331537881941415,7.225719505941981,0.3845785107591893,21.289639596761628,3,0.011558288437124777,1,0
0.999,6,100,0.01,4,47.70929060227443,3.4930576327361167,0.6023411819737449,9.866121249202354,3,0.01885920962051588,1,0
0.999,6,100,0.01,5,43.0217452987595,1.132324253888163,1.1274214568742955,2.2650422274294884,3,0.01570912927985043,1,0
0.999,6,100,0.01,6,57.9977726488791,0.35995461624681496,0.35995461624681496,0.7143805895529315,2,0.0007924224875666739,0,0
0.999,6,100,0.01,7,43.57892255864404,0.29003950188372735,0.29003950188372735,0.5757379686184995,2,7.688722016934818e-05,0,0
0.9999,6,100,0.01,0,150.85007595408788,5.970640725524144,2.1058671241033067,15.804819350357109,3,0.020438989587323046,1,0
0.9999,6,100,0.01,1,122.90554534478002,1.0803605938520426,0.9367355678776376,2.3023330834112654,3,0.0382169313059128,1,0
0.9999,6,100,0.01,2,141.07145255847573,2.8812632081142593,1.5547263302016334,7.087349699762097,3,0.03489239033018127,1,0
0.9999,6,100,0.01,3,150.43486695180516,1.7301872529738753,0.9560903997050461,4.233170681638001,3,0.03737029545069639,1,0
0.9999,6,100,0.01,4,150.76491848329508,1.3142439672190835,1.1134908710712978,2.8250032736511335,3,0.061063960673520684,1,0
0.9999,6,100,0.01,5,136.20774794434837,1.9077628820335315,1.4523365842382807,4.268932966045251,3,0.048733719665258135,1,0
0.9999,6,100,0.01,6,182.90788153756156,0.6671954731670994,0.6671954731670994,1.3323753677547583,2,0.0010042120611292431,0,0
0.9999,6,100,0.01,7,137.93470878492602,1.6300289650655795,2.12102422515825,2.767453488652058,3,0.007714669064377809,1,0
0.99999,6,100,0.01,0,477.137012869553,4.630432783180763,4.230688696064445,9.659660010771251,3,0.06298176964485876,1,0
0.99999,6,100,0.01,1,388.6837152630409,1.1663953467871078,1.4889667293743565,2.008517020049747,3,0.12184983189468661,1,0
0.99999,6,100,0.01,2,446.0752198255865,2.704359098310786,2.803183005608367,5.308589610350326,3,0.10783659063630421,1,0
0.99999,6,100,0.01,3,476.46023458917057,1.6831514004332486,1.7891794980053932,3.259089503786917,3,0.11900358750597269,1,0
0.99999,6,100,0.01,4,476.6400312428121,1.2565262044798045,1.5397988794007835,2.227538523411973,3,0.19455661889572867,1,0
0.99999,6,100,0.01,5,430.879155762749,1.2902766519819135,1.675049280134294,2.1940060262486396,3,0.15325168053482585,1,0
0.99999,6,100,0.01,6,577.8720947391103,0.9234515764910661,0.9234515764910661,1.845615458819865,2,0.0010042120611296888,0,0
0.99999,6,100,0.01,7,436.29883443706575,5.203123460915437,2.9866356918256978,12.621457447294159,3,0.02477895428855924,1,0
0.999999,6,100,0.01,0,1508.9417773458622,4.86400958082535,6.225926283785731,8.365208714409492,3,0.07340305155428407,1,0
0.999999,6,100,0.01,1,1229.1471800911384,1.2771047421621216,1.8259772888072274,2.003707823822476,3,0.3863387694629498,1,0
0.999999,6,100,0.01,2,1410.5768353071805,2.8894821087480618,3.7658767870936196,4.9012406415645495,3,0.3388809779794984,1,0
0.999999,6,100,0.01,3,1507.4378047844664,1.876141318257785,2.5668107717462476,3.0603721274579403,3,0.37715282259470556,1,0
0.999999,6,100,0.01,4,1507.1427519074732,1.280246900159278,1.7546420006779546,2.0843598895247264,3,0.6167061933252678,1,0
0.999999,6,100,0.01,5,1362.7091921197193,1.209134579544355,1.7162903445748146,1.909405607482041,3,0.4837783465190154,1,0
0.999999,6,100,0.01,6,1826.8472380493545,1.0526813426593558,1.0526813426593558,2.104209208992237,2,0.0010042120611290812,0,0
0.999999,6,100,0.01,7,1379.8042584537343,2.678266904014325,3.4698463011548606,4.563727489189568,3,0.07874535661731658,1,0
0.0,6,250,0.01,0,1.2034278064254713,0.02966319068157173,0.02966319068157173,0.03802393466675422,2,0.0009020419678461893,0,0
0.0,6,250,0.01,1,1.198010371525462,0.043653104797689884,0.043653104797689884,0.06755495513770315,2,0.0005358462708777691,0,0
0.0,6,250,0.01,2,1.2039872594176784,0.040494137757760194,0.040494137757760194,0.07782374220954669,2,0.00048587632665725056,0,0
0.0,6,250,0.01,3,1.234021521419961,0.016946293890752473,0.016946293890752473,0.01766630307322418,2,0.00011496329943709468,0,0
0.0,6,250,0.01,4,1.2923384174909767,0.014125370991907943,0.014125370991907943,0.0193696688924008,2,0.0004653836943781939,0,0
0.0,6,250,0.01,5,1.3229081399247737,0.07252150743958495,0.07252150743958495,0.11954649144885816,2,0.028841571652757803,0,0
0.0,6,250,0.01,6,1.2535289646566357,0.02417581158709843,0.02417581158709843,0.028442484663240265,2,0.0009931741150658803,0,0
0.0,6,250,0.01,7,1.2262384219057114,0.011113203978294123,0.011113203978294123,0.02168145506796386,2,0.00028089614989864427,0,0
0.99,6,250,0.01,0,13.354575579952234,0.0742660441785325,0.0742660441785325,0.14320563700841052,2,0.0008983714120835265,0,0
0.99,6,250,0.01,1,13.55685841301709,0.05624464148320933,0.05624464148320933,0.10262253915963947,2,0.0002846168888653646,0,0
0.99,6,250,0.01,2,15.096358607475425,0.04965843748661756,0.04965843748661756,0.08644241991730847,2,0.000418127581939541,0,0
0.99,6,250,0.01,3,13.109441172798935,0.0562478230399037,0.0562478230399037,0.10100157618726277,2,7.623687343623516e-05,0,0
0.99,6,250,0.01,4,16.27421372367797,0.06468717709782637,0.06468717709782637,0.12325632770634082,2,0.0008748961405807023,0,0
0.99,6,250,0.01,5,14.349767488674921,0.08475282911888837,0.08475282911888837,0.15906480675843193,2,0.0005163786839353639,0,0
0.99,6,250,0.01,6,13.995452817393058,0.09118650366904758,0.09118650366904758,0.1718915814979642,2,0.001142590263836634,0,0
0.99,6,250,0.01,7,13.424480423919677,0.08672120487691277,0.08672120487691277,0.1728626858133273,2,0.00028906168037113944,0,0
0.999,6,250,0.01,0,42.28156024117632,0.21204908162299496,0.21204908162299496,0.4221481149962729,2,0.001093844867008544,0,0
0.999,6,250,0.01,1,43.19273244777512,1.134967613613908,0.31701599407464265,3.0851180345049216,3,0.004351423757238188,1,0
0.999,6,250,0.01,2,47.99261050247944,0.129650408001435,0.129650408001435,0.2553503981937823,2,0.00039266092250127884,0,0
0.999,6,250,0.01,3,41.57475392970251,1.5482095420690858,0.29775299631160806,4.343153766911589,3,0.005726746065191947,1,0
0.999,6,250,0.01,4,51.46352168707453,0.9150559392682899,0.46102188057806964,2.2822905798761246,3,0.00719418650284299,1,0
0.999,6,250,0.01,5,45.842425790567574,0.6878972685557434,0.46298823752504414,1.597500249151091,3,0.0031763995120752645,1,0
0.999,6,250,0.01,6,44.07293461712614,0.9035430749710424,0.6794247491638883,2.027738741332316,3,0.010626498034262914,1,0
0.999,6,250,0.01,7,42.64848844273375,0.2539797532813858,0.2539797532813858,0.5073687713682107,2,0.00030825901405843705,0,0
0.9999,6,250,0.01,0,133.71308542942998,4.347621617318176,1.256938429479511,11.784963342406208,3,0.009528995142695776,1,0
0.9999,6,250,0.01,1,136.85971309040997,78.84627679713577,0.8472106950732564,235.69069380526204,3,0.019267191562136153,1,0
0.9999,6,250,0.01,2,151.93262243862094,0.3521240665106444,0.3521240665106444,0.7028351209977753,2,0.0005415399540964778,0,0
0.9999,6,250,0.01,3,131.55359875384627,18.297528049019718,0.8310632293645275,54.06038167990583,3,0.01777891457469498,1,0
0.9999,6,250,0.01,4,162.62660932098004,1.7704579119590267,1.8713879105942626,3.4391803247738433,3,0.021936631520869446,1,0
0.9999,6,250,0.01,5,145.36147645133417,1.6972599399585802,1.4478284486789785,3.6425684530113407,3,0.0146818708280704,1,0
0.9999,6,250,0.01,6,139.133363553533,2.46612771917015,2.420616757842701,4.976325581635371,3,0.035056243797378005,1,0
0.9999,6,250,0.01,7,135.01795758475114,0.6185583843316744,0.6185583843316744,1.2365260334687882,2,0.00030825901405843705,0,0
0.99999,6,250,0.01,0,422.8312045162236,65.79402515750093,3.501474102576456,193.87980666846786,3,0.02923890037637392,1,0
0.99999,6,250,0.01,1,433.0446632324577,2.5730788764189874,1.7582608209755,5.960272438025032,3,0.06143798357592731,1,0
0.99999,6,250,0.01,2,480.5920797428011,0.7977353440792425,0.7977353440792425,1.5945435273026654,2,0.0006619026620953167,0,0
0.99999,6,250,0.01,3,416.08015100825173,2.9890304899917943,1.9388264013008574,7.027431281146298,3,0.0558922255532242,1,0
0.99999,6,250,0.01,4,514.1189838747456,10.358911848006482,4.534345524126542,26.541735831308387,3,0.06857894844349965,1,0
0.99999,6,250,0.01,5,460.0458854312401,4.795375200186041,4.834148297969378,9.551026209731985,3,0.0468641567443675,1,0
0.99999,6,250,0.01,6,439.7244859281264,2.6323699148889763,2.685775194082598,5.21030915193434,3,0.11235391742048374,1,0
0.99999,6,250,0.01,7,427.1015436256137,1.123907576658067,1.123907576658067,2.2472244181215735,2,0.00030825901405855875,0,0
0.999999,6,250,0.01,0,1337.098627335578,12.45366682933671,8.126148217131373,29.234060567521325,3,0.09158489044902603,1,0
0.999999,6,250,0.01,1,1369.6586083536272,2.3503487677751935,2.655420996061956,4.39487632033731,3,0.1947958707181219,1,0
0.999999,6,250,0.01,2,1519.895754102381,1.333434137564485,1.333434137564485,2.6659690498049975,2,0.000754096320918071,0,0
0.999999,6,250,0.01,3,1315.8284558547946,2.9344386391041763,3.358312737376884,5.444135673240395,3,0.17641742713880446,1,0
0.999999,6,250,0.01,4,1625.624057693555,4.483721607713845,4.934889212887316,8.515624066975322,3,0.21608193041617735,1,0
0.999999,6,250,0.01,5,1455.1582078607753,13.543421286160026,19.466018507509705,21.163356139027883,3,0.14865043319938395,1,0
0.999999,6,250,0.01,6,1390.2719435622969,1.9879635287271162,2.7913360198904753,3.1715814527190584,3,0.3568034149901608,1,0
0.999999,6,250,0.01,7,1350.746400218162,1.515952471450226,1.515952471450226,3.031317859490445,2,0.0003373679980860713,0,0
0.0,27,30,0.01,0,20.22391731500467,3.6863376825650094,2.2863611989104307,15.84927092895543,24,0.2919737049641921,22,0
0.0,27,30,0.01,1,19.31446037896052,3.0959947790399798,1.9056554241603476,15.257134806359174,25,0.2797634590536603,23,0
0.0,27,30,0.01,2,17.857997975793797,7.812995587952304,4.5458625870977905,40.005415274881656,25,0.25150020284849295,23,0
0.0,27,30,0.01,3,17.876937127660774,3.3486872869615127,1.818155460122882,17.474354740974405,24,0.2587052425425508,22,0
0.0,27,30,0.01,4,22.082969097561588,7.522147801500004,2.59502838916352,35.92478570519432,24,0.2901475097530271,22,0
0.0,27,30,0.01,5,23.59205582150146,209.3785577982556,2.2495673316224334,4732.622835142979,23,0.3223550265589415,21,0
0.0,27,30,0.01,6,51.96113913714358,3.2048010236086144,1.3877389637135173,16.502851255083637,25,0.427296655713502,23,0
0.0,27,30,0.01,7,18.301011401662198,2.456732765984186,1.5095828134210074,14.150019892798783,26,0.330667795410487,24,0
0.99,27,30,0.01,0,65.69790911902506,7.430866740352696,2.445266889417753,104.04329659725518,24,0.6374272561680213,22,0
0.99,27,30,0.01,1,116.15080647824183,2.1051327447487607,1.506088197690166,6.642935648171692,23,0.6369544286083345,21,0
0.99,27,30,0.01,2,41.586927694932825,6.221000749275816,2.9238233252193853,45.45606766479261,24,0.639333866039211,22,0
0.99,27,30,0.01,3,63.24042192188416,3.962322103639498,1.8423500471493899,24.422616001149045,22,0.6359757567300747,20,0
0.99,27,30,0.01,4,81.02057602904455,39.44199339203071,3.447720038917609,684.5231240987378,19,0.6119183855840978,17,0
0.99,27,30,0.01,5,91.57473175534908,8.378233089041288,2.0126505328226134,136.41742414352308,24,0.6478065588025054,22,0
0.99,27,30,0.01,6,59.84613616978025,5.280950428928803,1.6036568792787746,39.802125143116086,25,0.5985184916886299,23,0
0.99,27,30,0.01,7,26.558751241634763,2.56141881586377,1.4973174953541297,14.64627289253358,26,0.6459078670717695,24,0
0.999,27,30,0.01,0,206.30783273411043,11.04774135526816,1.9232325263870242,157.89260550329556,23,0.6563115116367373,21,0
0.999,27,30,0.01,1,362.13477960552126,2.4050240388763915,1.4800887352331384,18.876284943666505,22,0.6404952217305868,20,0
0.999,27,30,0.01,2,128.12436599918345,17.368249505673756,2.9097021989188363,204.62903074111568,20,0.6445239210833988,18,0
0.999,27,30,0.01,3,193.5600411231522,2.8748684586729008,1.8720802858690968,13.958187933661705,21,0.6332882972571898,19,0
0.999,27,30,0.01,4,250.33848770967296,39.25090924185179,3.1492508752109623,481.3443847719953,24,0.6281743799220684,22,0
0.999,27,30,0.01,5,276.1114305841354,4.5326929810818,2.527282206016664,27.69447890371549,25,0.6482460225014745,23,0
0.999,27,30,0.01,6,132.87823058422387,4.167661589060629,2.015717500043403,44.79448483288804,25,0.657085934798473,23,0
0.999,27,30,0.01,7,82.45892793836356,2.2255757029198344,1.2134819950568083,7.2609128884647705,26,0.6694753952430974,24,0
0.9999,27,30,0.01,0,653.1798387198957,3.0363045348816713,1.8857774831194978,18.73722062585792,21,0.6448799161613944,19,0
0.9999,27,30,0.01,1,1141.1390702125427,3.3169490534066317,1.5007120010869104,31.649345150734305,23,0.642425686194473,21,0
0.9999,27,30,0.01,2,403.394296143968,2.8801656935021676,2.081278602625148,10.05135085901662,16,0.6411936056786647,14,0
0.9999,27,30,0.01,3,607.3818527185116,2.6044998051415793,2.3915221184950894,9.876410606369792,19,0.6187671745088213,17,0
0.9999,27,30,0.01,4,789.4325810761293,8.240571035094812,2.3654069857897397,72.16874032376602,18,0.6330726521627487,16,0
0.9999,27,30,0.01,5,863.0191905756153,4.9702909065613845,1.9876326970669365,36.785610156415686,22,0.6441152725255351,20,0
0.9999,27,30,0.01,6,410.20449484969333,3.8154076304103075,1.8571843755372779,42.462251476429614,25,0.6665186811299241,23,0
0.9999,27,30,0.01,7,260.40246735050295,2.15270603108036,1.0181393432997339,8.350080610921133,25,0.6703753595966363,23,0
0.99999,27,30,0.01,0,2066.9607960599615,5.812461680444213,1.3596565892427428,57.10625441920904,19,0.6578937154044465,17,0
0.99999,27,30,0.01,1,3604.9357009448727,2.8835622548464355,1.4674093530245658,20.24611368827166,23,0.6421924181106111,21,0
0.99999,27,30,0.01,2,1274.3467761485708,2.6548428113958478,2.0904522350041783,8.589567408910705,17,0.6460947486075287,15,0
0.99999,27,30,0.01,3,1916.5408529842994,2.024118449730814,1.6232904467420348,5.698196462688717,16,0.6068071484143893,14,0
0.99999,27,30,0.01,4,2495.3469750643712,37.155558825504016,3.036664369682175,758.391418387426,24,0.6361289741321839,22,0
0.99999,27,30,0.01,5,2720.0724517901444,3.514118903628542,2.028224644150982,14.961522283980456,22,0.6561261009631473,20,0
0.99999,27,30,0.01,6,1296.8113802821927,3.685795685933227,1.8913340570062813,32.98738621100466,24,0.6690355220217038,22,0
0.99999,27,30,0.01,7,823.4416449508415,2.225863564910379,1.010288563634411,10.363544056776671,25,0.6708019872890846,23,0
0.999999,27,30,0.01,0,6537.929352655317,5.50534791342456,1.3584139660831276,60.47004400806086,19,0.6577503698094549,17,0
0.999999,27,30,0.01,1,11396.26244955652,2.8255103597199547,1.7353350198987239,16.108689727752598,23,0.6502774532944097,21,0
0.999999,27,30,0.01,2,4028.687924398782,2.25519574233139,1.9943410533537835,4.657417625495207,15,0.6406414602230814,13,0
0.999999,27,30,0.01,3,6056.636874898723,2.277707281188691,1.9671433693750486,5.693865808396417,17,0.622875547060595,15,0
0.999999,27,30,0.01,4,7890.284884075773,102.5128224239992,3.2038109226125133,1422.2383600215376,24,0.6354578926110167,22,0
0.999999,27,30,0.01,5,8592.937474416743,3.649228336119641,2.3440495288062113,16.2734655297023,22,0.6564353689457038,20,0
0.999999,27,30,0.01,6,4103.169853461772,3.8737509590198833,1.8663981868132482,34.71409276571907,25,0.6685330771006879,23,0
0.999999,27,30,0.01,7,2604.036964499744,1.8652019610146944,0.9623493076443222,6.737747825727269,24,0.6711283543442835,22,0
0.0,27,50,0.01,0,5.432880191047438,0.08268563356486881,0.08268563356486881,0.11125976024981664,2,0.0015889534157331538,0,0
0.0,27,50,0.01,1,5.492722398797769,0.0015776221922928716,0.0015776221922928716,0.0022670745043643714,2,0.0018552529950928251,0,0
0.0,27,50,0.01,2,6.447052948942313,0.001244846255359183,0.001244846255359183,0.0016803744632837166,2,0.0018587216220300694,0,0
0.0,27,50,0.01,3,6.266505882274905,0.13057068202878908,0.13057068202878908,0.17765195573890974,2,0.0016748118601909406,0,0
0.0,27,50,0.01,4,5.316507609790444,0.017247696446547514,0.017247696446547514,0.033579230604844565,2,0.0015923080051902993,0,0
0.0,27,50,0.01,5,5.2179215342426435,0.017097926327938117,0.017097926327938117,0.03350191374517866,2,0.0006287230096690402,0,0
0.0,27,50,0.01,6,5.664867725901153,0.020151141340443084,0.020151141340443084,0.026122182940546235,2,0.0009848306068456064,0,0
0.0,27,50,0.01,7,5.685340189010651,0.15127221972470378,0.15127221972470378,0.2816210389305529,2,0.0006433023522533217,0,0
0.99,27,50,0.01,0,18.908662429632674,0.18963508449156843,0.18963508449156843,0.3678278151692683,2,0.0017770547489095157,0,0
0.99,27,50,0.01,1,21.36585118661439,0.004498038149116802,0.004498038149116802,0.006450923567283875,2,0.0022592427086553413,0,0
0.99,27,50,0.01,2,26.3392785329596,0.15470463518827646,0.008258149292890421,0.454185506133061,3,0.01285997907623026,1,0
0.99,27,50,0.01,3,33.984311213013314,1.8391425448169993,0.6811620998536535,4.821644524682299,3,0.0039175142511517404,1,0
0.99,27,50,0.01,4,28.45471389271752,0.012611498645577963,0.012611498645577963,0.019559141391792254,2,0.0016991695357929674,0,0
0.99,27,50,0.01,5,21.348632784089126,0.009807805127764394,0.009807805127764394,0.014358918933955767,2,0.0007244087137024693,0,0
0.99,27,50,0.01,6,30.163562883738024,0.23691383300119379,0.23691383300119379,0.4690151141387732,2,0.0012400735544611959,0,0
0.99,27,50,0.01,7,19.812438697850205,1.0426605681189482,0.6566989075968461,2.3986885910721094,3,0.004519665673887041,1,0
0.999,27,50,0.01,0,58.63657705207449,0.46306001028430877,0.46306001028430877,0.9220303502646322,2,0.0021335366561366226,0,0
0.999,27,50,0.01,1,68.25789005909193,0.5809505772676476,0.021665388739509066,1.718639806080418,3,0.005881611210968935,1,0
0.999,27,50,0.01,2,82.89127454336207,0.19248842516179698,0.025365169833563236,0.5504320846816152,3,0.042530976876209,1,0
0.999,27,50,0.01,3,107.4806269143004,3.2777265347878775,2.5874435118387997,7.241141006568281,3,0.020553339061142147,1,0
0.999,27,50,0.01,4,89.77901784216522,1.634158023309772,0.01949645095549342,4.877587502938643,3,0.005497159543738787,1,0
0.999,27,50,0.01,5,67.7588337210535,1.0760821968009675,0.01876982487390653,3.204984719511386,3,0.0038487716379023594,1,0
0.999,27,50,0.01,6,96.59945891933782,0.6195478394674967,0.6195478394674967,1.2368932888172264,2,0.0011092674394720375,0,0
0.999,27,50,0.01,7,62.33513208736461,2.14370415331494,3.084528854858465,3.326315904419721,3,0.030128813914837953,1,0
0.9999,27,50,0.01,0,184.53838784822284,2.2573816419944386,1.9921335671341869,4.7776639291750325,3,0.022890234702981675,1,0
0.9999,27,50,0.01,1,216.9206616025381,0.6405512897262048,0.06784436290717115,1.8512744678785205,3,0.026335160279412042,1,0
0.9999,27,50,0.01,2,262.2222485536781,0.21146352833841045,0.0830075389143185,0.549721498980348,3,0.134911681913134,1,0
0.9999,27,50,0.01,3,340.2521816456427,10.198328861041528,8.486922457990508,22.1064957598931,3,0.06894962587602513,1,0
0.9999,27,50,0.01,4,283.83133771789886,2.6679375176495976,0.058624856307927325,7.94372732273252,3,0.009750185259166839,1,0
0.9999,27,50,0.01,5,214.63682695980282,1.0405144760796443,0.06210747298635326,3.056421923966398,3,0.02792519127312014,1,0
0.9999,27,50,0.01,6,307.1141374454609,1.2074837164158703,1.2074837164158703,2.413067116305945,2,0.0009098939960357073,0,0
0.9999,27,50,0.01,7,197.20171335655974,5.957679499495047,3.574361289728485,14.296540880026578,3,0.10193234598933718,1,0
0.99999,27,50,0.01,0,582.7534725785454,2.6275866845510696,3.2256117763727463,4.655398596222164,3,0.06919957555687681,1,0
0.99999,27,50,0.01,1,687.142551781575,0.6631622302215218,0.19988129859695222,1.7870563186272692,3,0.12698173521017359,1,0
0.99999,27,50,0.01,2,829.4726669213421,0.2734158010654009,0.31042841943216937,0.5080844635136105,3,0.39773497000093105,1,0
0.99999,27,50,0.01,3,1076.4442803265747,6.6707406509564455,7.607610125871834,12.403198501186928,3,0.2181935023392985,1,0
0.99999,27,50,0.01,4,897.5183619851668,2.0787431357578856,0.18339785959762134,6.051378316137326,3,0.0937386039565943,1,0
0.99999,27,50,0.01,5,679.1428035004806,0.8060351324523966,0.20790267133690912,2.208455738298961,3,0.08815127901505725,1,0
0.99999,27,50,0.01,6,972.9400401505103,2.5790648573963817,3.398048091501843,4.337117598654392,3,0.0068846268383324265,1,0
0.99999,27,50,0.01,7,623.8151261113082,3.27423718328704,4.204670880172516,5.616304890408768,3,0.32409282056343924,1,0
0.999999,27,50,0.01,0,1842.044518396099,2.9035040305772646,3.978168729515179,4.7305227495581486,3,0.21576526330743123,1,0
0.999999,27,50,0.01,1,2174.1485048781287,0.7909951930203745,0.5129643507057379,1.8574799634597532,3,0.40195897399705327,1,0
0.999999,27,50,0.01,2,2623.3255272422275,2.3577059902648254,0.49597038345228317,6.575420034295116,3,1.3025401489819848,1,0
0.999999,27,50,0.01,3,3404.520252873781,6.231207858018056,8.623337551654146,10.06887449271614,3,0.6467698881912195,1,0
0.999999,27,50,0.01,4,2838.179666110402,0.9934095262816968,0.4714482051413295,2.507328818331919,3,0.3886790715257426,1,0
0.999999,27,50,0.01,5,2148.051494784222,0.9359740054114599,0.6551162438076317,2.151100710301451,3,0.278613057900185,1,0
0.999999,27,50,0.01,6,3078.50304612173,1.9971402357967012,1.9971402357967012,3.992385767374141,2,0.0007251840239148519,0,0
0.999999,27,50,0.01,7,1972.9263393381627,2.9159935747843715,4.26167819696961,4.484623183546744,3,1.051992008770311,1,0
0.0,27,100,0.01,0,2.784286233186939,0.06461502900120444,0.06461502900120444,0.11485002030068454,2,0.0005737978732701019,0,0
0.0,27,100,0.01,1,2.9164805894458743,0.00527019874889636,0.00527019874889636,0.00937207295828669,2,0.0016336412840869707,0,0
0.0,27,100,0.01,2,3.1727024775356805,0.04908996943519441,0.04908996943519441,0.09707746475535554,2,0.0003998440523346129,0,0
0.0,27,100,0.01,3,3.0260265887716096,0.0018641902335501644,0.0018641902335501644,0.0027396051341993725,2,0.0005815966087733402,0,0
0.0,27,100,0.01,4,2.9043706175617325,0.023436645709803288,0.023436645709803288,0.04590177419296394,2,0.0008701773298776702,0,0
0.0,27,100,0.01,5,2.670194923745226,0.0033675331288297106,0.0033675331288297106,0.005056231813525067,2,0.0008288109650917594,0,0
0.0,27,100,0.01,6,2.7999169249412397,0.03238654989128006,0.03238654989128006,0.05477397686444123,2,0.00023814793337599736,0,0
0.0,27,100,0.01,7,2.8070279871329396,0.0012135548105620618,0.0012135548105620618,0.0017403927679467744,2,0.0005909826023584405,0,0
0.99,27,100,0.01,0,18.479084646739068,0.1542228010927565,0.1542228010927565,0.2840702535530381,2,0.0009452093220701933,0,0
0.99,27,100,0.01,1,19.653724565613206,0.12691850064404703,0.12691850064404703,0.2526474829111091,2,0.0018365661517758887,0,0
0.99,27,100,0.01,2,18.204132182292568,3.477549247505822,0.31955969852150035,10.106521118571663,3,0.012183156066502266,1,0
0.99,27,100,0.01,3,19.96807169221226,0.35443881714814385,0.017098026271578394,1.0452389275636014,3,0.010698156012199835,1,0
0.99,27,100,0.01,4,17.93365861670057,0.05932775284272636,0.05932775284272636,0.11767039247502645,2,0.0008736101945102814,0,0
0.99,27,100,0.01,5,18.180598386920998,0.02380653246224079,0.02380653246224079,0.04593754257776334,2,0.00047028371341301144,0,0
0.99,27,100,0.01,6,18.29590190943476,0.06583680919078638,0.06583680919078638,0.1287413755498257,2,0.0004576678011237653,0,0
0.99,27,100,0.01,7,19.686807356145998,0.00379847466865002,0.00379847466865002,0.005792165175075915,2,0.000377930065085421,0,0
0.999,27,100,0.01,0,58.807694899558406,0.9075940991408502,1.1140369255189237,1.6009139847960983,3,0.006095110617578003,1,0
0.999,27,100,0.01,1,62.84841381204649,1.2106901355930262,0.6987084948996423,2.9321753019462604,3,0.02003799073830488,1,0
0.999,27,100,0.01,2,57.59439404564375,1.9149054902586793,0.8640641892201844,4.878972506094337,3,0.038477728157506726,1,0
0.999,27,100,0.01,3,62.56054941081017,0.39575154298874704,0.0491508581366017,1.1371226789823694,3,0.03368790941300093,1,0
0.999,27,100,0.01,4,56.701819080770484,2.186222014669274,0.2724041276869712,6.285263984786294,3,0.015790454026229833,1,0
0.999,27,100,0.01,5,57.9081743581838,1.051203916547646,0.13827509648491879,3.0136538913337803,3,0.006538973243923959,1,0
0.999,27,100,0.01,6,58.3696766234843,0.18472755583631648,0.18472755583631648,0.3677661129083406,2,0.00047614004823630005,0,0
0.999,27,100,0.01,7,61.532004200294296,0.3910008298265766,0.018989773890963464,1.1522046630021028,3,0.015637566228067376,1,0
0.9999,27,100,0.01,0,186.3335366234637,8.381750179377418,2.4727121406122565,22.670287063599037,3,0.036067020440598056,1,0
0.9999,27,100,0.01,1,199.409040682368,1.6626417550775938,1.5566950974118994,3.430027494773926,3,0.07891538865878751,1,0
0.9999,27,100,0.01,2,182.19637931380657,2.0127444076395546,1.8493003218341335,4.187862997077484,3,0.12167273682249385,1,0
0.9999,27,100,0.01,3,197.2439047607377,0.449367288952331,0.16284172477894127,1.1842802588539632,3,0.10635792546849475,1,0
0.9999,27,100,0.01,4,179.34758966801485,2.5385748210821846,0.7217515302071451,6.892971281574402,3,0.05668946499880664,1,0
0.9999,27,100,0.01,5,183.55044595085914,1.3223873251321183,0.4625825260044452,3.5029126344692867,3,0.021776690859841775,1,0
0.9999,27,100,0.01,6,185.119488518011,0.4878736408301961,0.4878736408301961,0.9743068875386739,2,0.0002986887338023002,0,0
0.9999,27,100,0.01,7,193.91439661849867,0.43173070816319753,0.05899257867100803,1.2343915175604914,3,0.04989976357945049,1,0
0.99999,27,100,0.01,0,589.6018911259926,2.360857041880513,2.753681476982696,4.3276250562966485,3,0.13468114596075492,1,0
0.99999,27,100,0.01,1,631.2396285983095,1.994190898788261,2.5513425285438665,3.43002749477396,3,0.24974738939564153,1,0
0.99999,27,100,0.01,2,576.2353429744971,2.2950254845177684,2.891485422705363,3.992729847586062,3,0.3957948407184055,1,0
0.99999,27,100,0.01,3,623.1496654027105,0.6306709737970922,0.7067527793130085,1.1842802588541794,3,0.3361508158381683,1,0
0.99999,27,100,0.01,4,567.2043842175472,3.037367497573207,1.8387444688802779,7.27235800573541,3,0.18599673402182967,1,0
0.99999,27,100,0.01,5,580.869385034161,1.893706240947975,1.9564146353627845,3.723037183449,3,0.07003206791966898,1,0
0.99999,27,100,0.01,6,585.944731149383,1.0389947588475974,1.0389947588475974,2.076560986799945,2,0.00042370493404261393,0,0
0.99999,27,100,0.01,7,612.5616670522342,0.48845900554692906,0.17124255693697912,1.2923264336120774,3,0.1582499936438932,1,0
0.999999,27,100,0.01,0,1864.8469987219078,1.9939330293466597,2.8350056604040064,3.145733794620306,3,0.4261065277425636,1,0
0.999999,27,100,0.01,1,1996.8039029284992,2.2082236106503257,3.1950052688892625,3.4284628900147585,3,0.7899922650703747,1,0
0.999999,27,100,0.01,2,1822.3001183079818,2.496540572171516,3.4824008224754226,4.006394688868889,3,1.25163422296007,1,0
0.999999,27,100,0.01,3,1969.9819841375986,3.860047768061348,1.1983824967161185,10.38077864071736,3,1.0628166433896422,1,0
0.999999,27,100,0.01,4,1793.7207111737334,3.680808281760431,3.7690668214403504,7.2723580057370105,3,0.5886772994916614,1,0
0.999999,27,100,0.01,5,1837.303138019584,18.07788581915965,3.633946784643119,50.598043768803684,3,0.22264958430451048,1,0
0.999999,27,100,0.01,6,1853.4676326232773,1.6225591146232687,1.6225591146232687,3.2437003621174023,2,0.0008833323341981605,0,0
0.999999,27,100,0.01,7,1936.4460595989985,0.5741965933947354,0.4284553204803232,1.2923264336121552,3,0.5008845489992265,1,0
0.0,27,250,0.01,0,1.9156803371334985,0.005718339344387095,0.005718339344387095,0.010660941341483812,2,0.0006489839439327753,0,0
0.0,27,250,0.01,1,1.9496154411496924,0.0006330168954451977,0.0006330168954451977,0.0007187339805753632,2,0.0009979150154923362,0,0
0.0,27,250,0.01,2,1.9847589670602188,0.013222724869272572,0.013222724869272572,0.02579083080073247,2,0.0007107031817719958,0,0
0.0,27,250,0.01,3,1.8796304870947615,0.0005868879685959189,0.0005868879685959189,0.0006510074746206694,2,0.00043941167733890953,0,0
0.0,27,250,0.01,4,1.9263437930422243,0.0200571586106334,0.0200571586106334,0.039675122629302124,2,0.00028529905283129693,0,0
0.0,27,250,0.01,5,1.7685176924918047,0.01454157926587437,0.01454157926587437,0.02863638218769603,2,0.0008143120929468225,0,0
0.0,27,250,0.01,6,1.8455724277284118,0.022794710011697313,0.022794710011697313,0.045287674903209084,2,0.00043547391067096927,0,0
0.0,27,250,0.01,7,1.8313127326806942,0.003970216951523053,0.003970216951523053,0.007240342290373663,2,0.0003532594706571235,0,0
0.99,27,250,0.01,0,14.86793621834498,0.028427060516135926,0.028427060516135926,0.05607628866405469,2,0.0007009739305837168,0,0
0.99,27,250,0.01,1,16.043491244065866,0.021269378115762422,0.021269378115762422,0.041994707201105555,2,0.0011045122951384566,0,0
0.99,27,250,0.01,2,15.20342913915857,0.02515183405211406,0.02515183405211406,0.049326625403512084,2,0.0006416555795153243,0,0
0.99,27,250,0.01,3,17.985263135144105,0.0005868879685959189,0.0005868879685959189,0.0006510074746206694,2,0.00043941167733890953,0,0
0.99,27,250,0.01,4,15.884146234686124,0.9804046184475652,0.0043069600192723245,2.933945650887547,3,0.008967183890321608,1,0
0.99,27,250,0.01,5,15.74672126609788,0.0026074568266489496,0.0026074568266489496,0.002652472730160211,2,0.000810641354405752,0,0
0.99,27,250,0.01,6,17.23160809249572,0.005684605231449645,0.005684605231449645,0.010238934306792473,2,0.00038935525372842415,0,0
0.99,27,250,0.01,7,16.78623716784203,0.03717305775022966,0.03717305775022966,0.07364602388778688,2,0.0003532594706571235,0,0
0.999,27,250,0.01,0,47.51945187146699,0.10486113156765677,0.10486113156765677,0.20894308152767793,2,0.0007283981060377575,0,0
0.999,27,250,0.01,1,50.874799870485724,0.06635927152989791,0.06635927152989791,0.13216139888494333,2,0.0011896242136053047,0,0
0.999,27,250,0.01,2,48.16275655430354,1.3039804985735692,0.15938599279564933,3.7518863366928943,3,0.014449915838242972,1,0
0.999,27,250,0.01,3,56.55194156439571,0.0034107219887875738,0.0034107219887875738,0.006193001052477057,2,0.00041834748809879376,0,0
0.999,27,250,0.01,4,50.44899796450408,1.3384733934294213,0.008918088139364087,4.00554014263786,3,0.028415769054720603,1,0
0.999,27,250,0.01,5,49.68428202637016,0.7874991101014057,0.008757354692756805,2.3520303652893095,3,0.006748820913360625,1,0
0.999,27,250,0.01,6,54.624919752062645,1.0488558526970724,0.007384136085574292,3.135896737588538,3,0.0036312651704516513,1,0
0.999,27,250,0.01,7,52.87766237986037,0.12305721936417946,0.12305721936417946,0.24539792732026783,2,0.00035030153696094605,0,0
0.9999,27,250,0.01,0,150.72650707349,0.3815169782684111,0.3815169782684111,0.7622615644322828,2,0.0004714301977235864,0,0
0.9999,27,250,0.01,1,160.97296075155006,0.1960942743877552,0.1960942743877552,0.39163283341698873,2,0.0013738483219909645,0,0
0.9999,27,250,0.01,2,152.3580567847875,1.6754755805406367,0.528786616402547,4.4969858648810215,3,0.04600739738294833,1,0
0.9999,27,250,0.01,3,178.43444641570125,0.012330318337492466,0.012330318337492466,0.024039914650479773,2,0.0004118012850675926,0,0
0.9999,27,250,0.01,4,159.6947456646531,3.3842933963477613,0.02652604880038498,10.125603440380162,3,0.08987762457684481,1,0
0.9999,27,250,0.01,5,156.94442919956595,0.8146219680594978,0.02759445013985265,2.415668286755695,3,0.0213280067466727,1,0
0.9999,27,250,0.01,6,172.8069516347951,0.9997682791245932,0.021593382762556766,2.9768288359895583,3,0.027745100445899798,1,0
0.9999,27,250,0.01,7,166.94310881824117,0.40382850670347764,0.40382850670347764,0.8069406241054767,2,0.00022447200160575457,0,0
0.99999,27,250,0.01,0,477.0804786000755,2.752199984811588,3.78293249277755,4.472894814791726,3,0.0012393782375469495,1,0
0.99999,27,250,0.01,1,509.11822004073906,1.7219082407982877,1.027908818854577,4.137261343695005,3,0.018556931141020083,1,0
0.99999,27,250,0.01,2,481.84242166610903,2.626177430770838,1.992755788735518,5.885107529777752,3,0.14582209905407642,1,0
0.99999,27,250,0.01,3,563.8373663762911,1.0631179268271178,0.0748412906276111,3.113891514482644,3,0.0017616248713116865,1,0
0.99999,27,250,0.01,4,505.14217152355445,1.1792855192490832,0.07263708678274493,3.4645362513972175,3,0.2842243595000968,1,0
0.99999,27,250,0.01,5,496.11206973527425,0.7252897864657516,0.0894015135745261,2.085962346776802,3,0.06733798165023797,1,0
0.99999,27,250,0.01,6,546.5100718243755,0.6568606947665755,0.07271230614321564,1.8971479667438642,3,0.08826397044355812,1,0
0.99999,27,250,0.01,7,527.6296006521097,7.135759332701112,2.80593256176423,18.600628830220856,3,0.006997200560357493,1,0
0.999999,27,250,0.01,0,1509.0974066101903,7.969649645589965,7.969649645589965,15.938526495120142,2,0.0006360635246839236,0,0
0.999999,27,250,0.01,1,1610.0451928347306,2.071649281853566,2.1296345477827887,4.084757419769057,3,0.005302724977179225,1,0
0.999999,27,250,0.01,2,1523.7602546665428,6.915654002733498,6.856143691550494,13.890140751240919,3,0.46147045908716694,1,0
0.999999,27,250,0.01,3,1782.5810806751708,1.110141388122367,0.22478668831512288,3.105016407803219,3,0.01687228618569844,1,0
0.999999,27,250,0.01,4,1597.5372137532859,0.4044356924233768,0.16235195856826518,1.0502804458058206,3,0.8987986700615034,1,0
0.999999,27,250,0.01,5,1568.6484237145485,0.7011884441929492,0.3169783732469376,1.7860896141391491,3,0.21286054685682396,1,0
0.999999,27,250,0.01,6,1728.2563390700861,0.4637582722176883,0.27576815674032257,1.1147871086755756,3,0.2796445327549968,1,0
0.999999,27,250,0.01,7,1668.2141426156272,10.234784572097238,13.018573217230696,17.685063892942765,3,0.02290341562068351,1,0
