rho,ic_spread,concentration,n_features,n_samples,noise,seed,cond,mean_cv,median_cv,max_cv,n_active,coef_err,spurious,missed
1.0,1.0,0.0,9,50,0.001,0,244.79015224314364,2.2943474073341257,1.627548419597751,9.825804013158168,13,0.22173454220142225,5,0
1.0,1.0,0.0,9,50,0.001,1,175.14775318222178,0.7152501373599767,0.5535169730278809,2.1319757387551705,9,0.0030139494794075234,1,0
1.0,1.0,0.0,9,50,0.001,2,582.3316441670701,3.5518479717085816,1.8929894273378056,16.43078278454854,16,0.04806508834168876,8,0
1.0,1.0,0.0,9,50,0.001,3,1193.0131443242328,3.2961077816079936,1.967131831763588,21.007854541976172,18,0.10307375440878458,10,0
1.0,1.0,0.0,9,50,0.001,4,1205.6240719533191,1.632996161064704,2.0013113327682546,3.812730708524951,17,0.10894900753334723,9,0
1.0,1.0,0.0,9,50,0.001,5,1121.166566428695,1.601522063478687,0.9312252908420757,7.145858774508234,12,0.009359920407489892,4,0
0.75,0.75,0.25,9,50,0.001,0,280.81942388789037,8.316331123199701,1.8686837068448974,97.36444201401636,14,0.22086953091039424,6,0
0.75,0.75,0.25,9,50,0.001,1,134.36554776531923,0.8393578669690365,0.5254893414530478,2.9515497055924493,10,0.007050943644050564,2,0
0.75,0.75,0.25,9,50,0.001,2,652.8014469712205,2.3399786803417255,1.663568339265741,9.600356469223714,15,0.03654111076755317,7,0
0.75,0.75,0.25,9,50,0.001,3,3458.7683990895425,6.5494749635341165,1.8291267355148972,53.08010477984775,16,0.16256169756785144,8,0
0.75,0.75,0.25,9,50,0.001,4,1445.1834779822655,1.671614921859245,1.9450138194763475,4.399734101224391,17,0.1303653015749017,9,0
0.75,0.75,0.25,9,50,0.001,5,1132.16166697806,2.315619423172359,1.445974675609431,11.815717201246787,15,0.012573511709307397,7,0
0.5,0.5,0.5,9,50,0.001,0,365.83771393829045,2.2563350723174427,1.316903458540612,8.559766544341784,16,0.47091970156554563,8,0
0.5,0.5,0.5,9,50,0.001,1,113.7977655000132,1.0614798126278098,0.53365336513662,5.347873741938437,11,0.018218026597941313,3,0
0.5,0.5,0.5,9,50,0.001,2,918.2129697006453,1.837698531876832,1.7988000922427143,4.410443817400034,14,0.04731831194519105,6,0
0.5,0.5,0.5,9,50,0.001,3,2033.0651949809098,4.88880150499346,1.3253288686348004,20.18656261651421,18,0.1293749217246096,10,0
0.5,0.5,0.5,9,50,0.001,4,1934.1247259141053,1.7531432821594601,1.7583682805510708,6.203658544214226,17,0.1541193482261391,9,0
0.5,0.5,0.5,9,50,0.001,5,1090.1286432018744,2.793545277790151,1.5809993195077594,19.784385359757234,15,0.022614616963698264,7,0
0.25,0.25,0.75,9,50,0.001,0,643.232776769152,1.6214762528736286,0.9783215199711786,5.674937905202138,18,1.361131521689192,10,0
0.25,0.25,0.75,9,50,0.001,1,147.5152535280037,4.668365977724652,0.885079939202136,50.90504389738594,14,0.015798517585044847,6,0
0.25,0.25,0.75,9,50,0.001,2,1772.7548170970072,1.7452726504637288,1.545689597272216,3.5121159862943983,13,0.08837972325765882,5,0
0.25,0.25,0.75,9,50,0.001,3,2083.7263859698064,20.642417662803606,1.1318517839604205,225.88768757705284,17,0.1991785019692009,9,0
0.25,0.25,0.75,9,50,0.001,4,3268.3810274925104,1.8180537207242247,1.8108887080887879,6.448116440833498,17,0.197799996923371,9,0
0.25,0.25,0.75,9,50,0.001,5,1132.5163500907984,2.4643016282671866,1.4397231414332374,14.889991011600717,16,0.047576654313143375,8,0
0.1,0.1,0.9,9,50,0.001,0,1503.4355481401062,1.3584617224287778,0.8722449451280715,3.44838930986924,17,1.0831136829203698,10,1
0.1,0.1,0.9,9,50,0.001,1,316.9662851983437,3.2739913973826913,1.1145674550767637,19.138418141847335,15,0.02191234821466379,7,0
0.1,0.1,0.9,9,50,0.001,2,4392.73383137334,6.391370822981485,1.472192971905432,44.04848213888501,14,0.22638419354551514,6,0
0.1,0.1,0.9,9,50,0.001,3,4332.959617247561,3.5345914934235085,1.2019206229905874,17.01302560341958,15,0.3516276552171911,7,0
0.1,0.1,0.9,9,50,0.001,4,5160.706999275225,1.8861850184290487,1.8092560393330377,5.669158465993584,18,0.2966132245269953,10,0
0.1,0.1,0.9,9,50,0.001,5,1193.2987087561903,3.8943193374747382,1.18865294381972,19.549540598107583,17,0.16736369235518,9,0
0.01,0.01,0.99,9,50,0.001,0,14530.745268969997,0.7487648538525197,0.7400129448154018,1.295167164793375,5,0.9028791604000141,2,5
0.01,0.01,0.99,9,50,0.001,1,2967.1678095404827,1.2633963401880555,0.990547011919232,4.043905661199232,12,0.1122633462786749,4,0
0.01,0.01,0.99,9,50,0.001,2,43890.71564722627,4.12929005734594,4.250778557620638,7.975517772612351,6,0.8375963627295644,4,6
0.01,0.01,0.99,9,50,0.001,3,40377.63510329377,7.080836581580654,0.9680707603855698,20.4462785639223,6,1.313157149475697,4,6
0.01,0.01,0.99,9,50,0.001,4,5840.1770610513695,10.566809392030132,1.503092067043883,122.75936823094342,17,0.6933859190876897,9,0
0.01,0.01,0.99,9,50,0.001,5,3070.6823500403134,2.56600494504774,2.0827488879196494,7.563116223713764,15,0.7085408014771131,8,1
0.0,0.0,1.0,9,50,0.001,0,781073059689.8656,0.827715506679314,1.110321607372732,1.328655939646014,6,0.8522516036490305,4,6
0.0,0.0,1.0,9,50,0.001,1,1062290486658.15,0.9234023074997287,1.3020603920293121,1.4798402534172792,6,0.8523083612080556,4,6
0.0,0.0,1.0,9,50,0.001,2,1093713912091.6431,0.9255965147930413,1.3557688232333143,1.3705247353838683,6,0.8523116805395965,4,6
0.0,0.0,1.0,9,50,0.001,3,849327058031.5023,0.8920590347085994,1.2901188465258793,1.361320196860225,6,0.8523491992645394,4,6
0.0,0.0,1.0,9,50,0.001,4,3189353374559.989,1.427574587239744,1.5381400947337505,2.0305243567710125,17,0.8634308900761007,10,1
0.0,0.0,1.0,9,50,0.001,5,844982579073.623,1.0656835810509784,1.2524520203354008,1.517628673582026,13,0.8578450585881132,9,4
1.0,1.0,0.0,9,50,0.01,0,244.79015224314364,28.836798294036473,1.8675926828571527,440.2171715961775,17,0.27084877061948065,9,0
1.0,1.0,0.0,9,50,0.01,1,175.14775318222178,1.638939320213232,1.0188476807186055,3.7789582822788472,15,0.05350741024701807,7,0
1.0,1.0,0.0,9,50,0.01,2,582.3316441670701,4.063302489670582,1.8842972083576712,31.98765833753001,16,0.4236586564604563,8,0
1.0,1.0,0.0,9,50,0.01,3,1193.0131443242328,3.34847118075059,1.7960746342025362,15.994653706768998,17,0.7189711766782885,10,1
1.0,1.0,0.0,9,50,0.01,4,1205.6240719533191,2.145738069682606,2.3441249519833964,6.342898240081623,17,0.6262698537540827,9,0
1.0,1.0,0.0,9,50,0.01,5,1121.166566428695,4.450296199339545,1.5950698080906056,25.790991951538512,18,0.2609407464161539,10,0
0.75,0.75,0.25,9,50,0.01,0,280.81942388789037,2.5883301718084555,2.261197933469358,10.574208014649797,18,0.3084407719497243,10,0
0.75,0.75,0.25,9,50,0.01,1,134.36554776531923,1.7626944397224642,0.8419153279420477,4.494372512637361,15,0.06755402577014462,7,0
0.75,0.75,0.25,9,50,0.01,2,652.8014469712205,4.015384791141234,1.8387737859436788,19.383945090845266,16,0.408030618823015,8,0
0.75,0.75,0.25,9,50,0.01,3,3458.7683990895425,2.136842427889892,1.3451479534580626,8.34633495984961,16,0.9258208344091484,8,0
0.75,0.75,0.25,9,50,0.01,4,1445.1834779822655,1.9573358461695292,2.2822072243090523,3.716189665194927,17,0.743276846360147,9,0
0.75,0.75,0.25,9,50,0.01,5,1132.16166697806,4.897809500472888,1.394687073837746,44.1898378391715,16,0.14193508373732544,8,0
0.5,0.5,0.5,9,50,0.01,0,365.83771393829045,3.9813423320270624,1.575870781124261,30.3575881223605,18,0.447526231272137,10,0
0.5,0.5,0.5,9,50,0.01,1,113.7977655000132,1.8585528001444225,1.2293276853842945,7.447128619431041,16,0.0922167666089994,8,0
0.5,0.5,0.5,9,50,0.01,2,918.2129697006453,10.97177922966588,1.9423039884527715,128.16007772490656,16,0.5434594811406891,8,0
0.5,0.5,0.5,9,50,0.01,3,2033.0651949809098,3.617162973571978,3.0329450618348592,10.582713214864938,13,0.6444270558869444,6,1
0.5,0.5,0.5,9,50,0.01,4,1934.1247259141053,1.9055546391278682,2.280399789836945,3.6757529098747166,17,0.8827335702582141,9,0
0.5,0.5,0.5,9,50,0.01,5,1090.1286432018744,5.178127258983951,1.6844715228849942,22.16031708239332,17,0.17215535434368145,9,0
0.25,0.25,0.75,9,50,0.01,0,643.232776769152,1.30960390720501,1.1850175518901431,3.649877927748365,17,1.4732507453190928,10,1
0.25,0.25,0.75,9,50,0.01,1,147.5152535280037,10.895285288245272,1.2026907009966648,89.44755491629351,18,0.13148371826787725,10,0
0.25,0.25,0.75,9,50,0.01,2,1772.7548170970072,5.793222213643255,2.066272931937359,30.63034707559924,15,0.6702311997755515,7,0
0.25,0.25,0.75,9,50,0.01,3,2083.7263859698064,15.051707253053216,3.060053927490424,104.17894331466435,18,0.8238240671152245,10,0
0.25,0.25,0.75,9,50,0.01,4,3268.3810274925104,2.0442363593518746,1.7993242021529947,4.892690857032684,17,0.894041191890059,9,0
0.25,0.25,0.75,9,50,0.01,5,1132.5163500907984,12.82704964985098,1.725907603891342,153.49110144508293,17,0.3754225717921606,9,0
0.1,0.1,0.9,9,50,0.01,0,1503.4355481401062,1.213977801482224,1.1656790720497014,2.3451385957916364,17,1.1162713171850898,9,0
0.1,0.1,0.9,9,50,0.01,1,316.9662851983437,5.788580571194708,1.0383782972438766,40.0797509369018,17,0.2592210199368956,9,0
0.1,0.1,0.9,9,50,0.01,2,4392.73383137334,1.5222067264887122,1.4047360056514289,2.9613627430618106,14,0.8615238133775852,6,0
0.1,0.1,0.9,9,50,0.01,3,4332.959617247561,3.714790606559788,3.259123441155527,13.68420951863016,16,0.8701553945021675,8,0
0.1,0.1,0.9,9,50,0.01,4,5160.706999275225,3.5283577715490217,1.7797917149746185,16.523961074559907,17,0.9071820581821527,9,0
0.1,0.1,0.9,9,50,0.01,5,1193.2987087561903,4.430066237944489,1.2832430782956978,25.937195490581274,17,0.5764707770259255,9,0
0.01,0.01,0.99,9,50,0.01,0,14530.745268969997,17.806770856813596,1.7289276404512206,172.8153906227355,11,0.886839248336361,7,4
0.01,0.01,0.99,9,50,0.01,1,2967.1678095404827,5.50245449735061,1.9539413853754308,33.708609852898505,16,1.0780385795798357,8,0
0.01,0.01,0.99,9,50,0.01,2,43890.71564722627,3.0318210228917333,1.900668139827872,7.9890199153415065,12,5.108280283661563,5,1
0.01,0.01,0.99,9,50,0.01,3,40377.63510329377,2.419243629426393,1.716132151430336,8.26947079228295,9,1.174668117100922,5,4
0.01,0.01,0.99,9,50,0.01,4,5840.1770610513695,4.088654183395554,1.9000310188369542,26.946951210782924,17,4.180071813620959,9,0
0.01,0.01,0.99,9,50,0.01,5,3070.6823500403134,3.3347578604568606,1.458856129951309,34.91921493171631,17,2.1331021904542857,10,1
0.0,0.0,1.0,9,50,0.01,0,781073059689.8656,1.0297902746610976,1.21269222351335,2.188063191273131,11,0.853121292134657,7,4
0.0,0.0,1.0,9,50,0.01,1,1062290486658.15,1.654940950375469,1.3410684844674785,6.175255219526518,14,0.8552300212159922,8,2
0.0,0.0,1.0,9,50,0.01,2,1093713912091.6431,1.159537587426625,1.4064803624456899,2.105904353961441,10,0.854838116866924,6,4
0.0,0.0,1.0,9,50,0.01,3,849327058031.5023,0.9219833820847133,0.9572215735600478,1.5067138817113506,12,0.8468658659964335,7,3
0.0,0.0,1.0,9,50,0.01,4,3189353374559.989,11.07391422350242,2.181011916456894,158.60075383267642,18,1.1565939111682375,10,0
0.0,0.0,1.0,9,50,0.01,5,844982579073.623,1.3838149064049148,0.9721394260832197,7.457245925208516,16,1.9081964292820228,8,0
1.0,1.0,0.0,9,100,0.001,0,23.36112160998824,0.6801979600395844,0.4588113043172456,3.693465609914038,11,0.20413278896688117,3,0
1.0,1.0,0.0,9,100,0.001,1,31.700426720473068,0.41411557740979155,0.28662313228930025,1.259271472132213,8,0.0004964671769756514,0,0
1.0,1.0,0.0,9,100,0.001,2,60.147783936045144,0.3830605652732828,0.19682212333186755,1.592214045291859,10,0.11823051396966867,2,0
1.0,1.0,0.0,9,100,0.001,3,22.516657318591918,0.3853671611664337,0.37631694649134584,0.6763125016875235,9,0.011288762438060559,1,0
1.0,1.0,0.0,9,100,0.001,4,44.59793769210496,0.27254395061271414,0.27443185756062577,0.46083721873321504,8,0.004437168279305962,0,0
1.0,1.0,0.0,9,100,0.001,5,43.36122000799778,0.6404679732321668,0.5792257476733198,1.1584551779788477,8,0.0007282812626483524,0,0
0.75,0.75,0.25,9,100,0.001,0,28.712196926665392,0.6401684118801075,0.4367170595074442,2.718077646569411,12,0.21966011921981188,4,0
0.75,0.75,0.25,9,100,0.001,1,32.55951589183831,0.3699552265933803,0.2879971199380065,0.9428922610203999,8,0.00048752903725100675,0,0
0.75,0.75,0.25,9,100,0.001,2,46.10512120668154,0.3313988373448277,0.2107221541990167,0.9410479797127127,11,0.13647321838518978,3,0
0.75,0.75,0.25,9,100,0.001,3,26.14257801244827,0.42207669747929616,0.5057405502444878,0.7053956345380836,8,0.002318239998298843,0,0
0.75,0.75,0.25,9,100,0.001,4,51.1016488628854,0.6601675434878226,0.3649348014284297,2.2150487314173577,10,0.0062699780651521205,2,0
0.75,0.75,0.25,9,100,0.001,5,43.746942321642145,0.6229894494112966,0.5991169243717707,1.088833545825225,8,0.0009531981263409,0,0
0.5,0.5,0.5,9,100,0.001,0,40.07569358603383,0.5820289742368712,0.4528496374378358,1.79910692690821,12,0.21525346902885703,4,0
0.5,0.5,0.5,9,100,0.001,1,33.0449186655364,0.32307254575301053,0.2737947141277471,0.6942250082163383,8,0.00041873060781641804,0,0
0.5,0.5,0.5,9,100,0.001,2,38.513966171423206,0.30212399048475047,0.1970992623099419,0.6699424059699728,11,0.13764783762634258,3,0
0.5,0.5,0.5,9,100,0.001,3,43.05759505709009,0.5109131869310066,0.5973612102476397,0.837661639135721,8,0.003026364468405618,0,0
0.5,0.5,0.5,9,100,0.001,4,72.24895065821386,0.6814947921033353,0.39162476369116955,2.2529728830273723,10,0.012023435587875688,2,0
0.5,0.5,0.5,9,100,0.001,5,49.33777394914127,0.5979453714763274,0.6310718306628478,0.9869311884510684,8,0.0013186838840154272,0,0
0.25,0.25,0.75,9,100,0.001,0,74.74262674304292,0.554483868908201,0.5354010581117379,1.1961143246734618,12,0.19093364546905145,4,0
0.25,0.25,0.75,9,100,0.001,1,36.57278598239737,0.3172686143782956,0.26732708743885397,0.5738172259354497,8,0.0007753506047416109,0,0
0.25,0.25,0.75,9,100,0.001,2,41.03223000019623,0.31290566775007894,0.2884744753023113,0.6322652753366025,11,0.19189737499347267,3,0
0.25,0.25,0.75,9,100,0.001,3,97.63532104913789,0.5412524606712052,0.6390915414698319,0.8358771513667451,8,0.005892936332851983,0,0
0.25,0.25,0.75,9,100,0.001,4,138.37841061817238,0.6933095043859963,0.4828484584089494,2.1664333143074814,10,0.022455163473371845,2,0
0.25,0.25,0.75,9,100,0.001,5,73.74702039754034,0.5973207359658766,0.6917842346299102,0.9186612820400826,8,0.0025328390187927905,0,0
0.1,0.1,0.9,9,100,0.001,0,179.26134087530892,0.5861894654913645,0.5470008076464647,1.1669952129504695,12,0.17601027427070132,4,0
0.1,0.1,0.9,9,100,0.001,1,63.731690356869564,0.3754292980044108,0.41650714993221793,0.6549214362347562,8,0.0013350860823279655,0,0
0.1,0.1,0.9,9,100,0.001,2,82.59753439215038,0.41611360422586013,0.29135973830276,0.8195455902219616,11,0.2848138455851065,3,0
0.1,0.1,0.9,9,100,0.001,3,258.37668093978925,0.45336915079324686,0.5063738357713568,0.7151463358602409,8,0.015027949659129037,0,0
0.1,0.1,0.9,9,100,0.001,4,338.2116179950377,0.660351038885417,0.47119958932213785,1.9494091023884532,10,0.05628914097712741,2,0
0.1,0.1,0.9,9,100,0.001,5,155.65317471080652,1.316929577163033,0.7795765850741901,4.284944261255256,11,0.0106998939719556,3,0
0.01,0.01,0.99,9,100,0.001,0,1748.7590668133546,0.6609096425469562,0.16398970736221438,2.7427235940659807,10,0.11449689312660423,2,0
0.01,0.01,0.99,9,100,0.001,1,640.8826632186241,0.7143972402275628,0.4532228481264767,3.9916291647503894,9,0.020370650982835165,1,0
0.01,0.01,0.99,9,100,0.001,2,790.6814488129407,0.34974819687643394,0.3159858875861997,0.8221318716928667,10,0.33199169933735884,2,0
0.01,0.01,0.99,9,100,0.001,3,2652.8716599109653,0.46769846981370466,0.31639490083012234,1.1443196615837787,10,0.2241797735988715,2,0
0.01,0.01,0.99,9,100,0.001,4,3340.8448745019227,0.7481037569932081,0.3807938916018419,2.326886682241806,11,0.45871988022508925,3,0
0.01,0.01,0.99,9,100,0.001,5,1417.4545630082393,1.2001318667574579,0.6495783769601895,3.4953729195156167,12,0.09949483243131894,4,0
0.0,0.0,1.0,9,100,0.001,0,327556685400.9994,0.87003471052146,1.2552106260948768,1.308817180049365,6,0.8523106106559295,4,6
0.0,0.0,1.0,9,100,0.001,1,730376183649.8479,0.9633050852095604,1.3688254082123468,1.5167570787299443,6,0.8523043619153344,4,6
0.0,0.0,1.0,9,100,0.001,2,407734717964.57513,0.4856938531178625,0.0569807789182852,1.40489607704214,6,0.8522438890085697,4,6
0.0,0.0,1.0,9,100,0.001,3,341582132948.2502,0.910204175527817,1.3034565688710607,1.3753412757755932,6,0.852319339451116,4,6
0.0,0.0,1.0,9,100,0.001,4,560465248277.0765,0.948806249658965,1.3663963015573652,1.4298465491518215,6,0.8523152812208814,4,6
0.0,0.0,1.0,9,100,0.001,5,662373936413.2028,0.9272244770047684,1.3608069572459538,1.3691656150587967,6,0.8523038593087596,4,6
1.0,1.0,0.0,9,100,0.01,0,23.36112160998824,0.9175219956031443,0.6729584136967827,3.5156175499395967,13,0.20607530425659348,5,0
1.0,1.0,0.0,9,100,0.01,1,31.700426720473068,0.9107917365784017,1.1094605903767472,1.9799272180046057,15,0.023502904149603876,7,0
1.0,1.0,0.0,9,100,0.01,2,60.147783936045144,1.0432735987558635,0.970254252738717,2.8617409445043527,18,0.14078813146299785,10,0
1.0,1.0,0.0,9,100,0.01,3,22.516657318591918,1.5945590769388838,0.6424487909356681,6.865825144403685,14,0.05347270438101115,6,0
1.0,1.0,0.0,9,100,0.01,4,44.59793769210496,1.0190001070764887,0.45817697535991125,2.6082872464115017,14,0.06712251948761934,6,0
1.0,1.0,0.0,9,100,0.01,5,43.36122000799778,1.2778775793527606,0.9536045245860902,4.260679859789376,11,0.01594893910251087,3,0
0.75,0.75,0.25,9,100,0.01,0,28.712196926665392,0.8206677586514081,0.6370377992723345,2.5898859814008777,13,0.22580481858067322,5,0
0.75,0.75,0.25,9,100,0.01,1,32.55951589183831,0.8325555914776713,0.514756971325136,2.5488774355231913,12,0.024122908868610626,4,0
0.75,0.75,0.25,9,100,0.01,2,46.10512120668154,0.966155182049084,0.7434116318394388,3.1162411598469673,17,0.1579991483894103,9,0
0.75,0.75,0.25,9,100,0.01,3,26.14257801244827,1.547043857200293,0.7339519696928515,5.0300285144839005,14,0.06705215417176504,6,0
0.75,0.75,0.25,9,100,0.01,4,51.1016488628854,0.9522252229674747,0.44151775069927507,2.3337883145059233,14,0.08266488158227633,6,0
0.75,0.75,0.25,9,100,0.01,5,43.746942321642145,1.2991066744036377,1.0104093906668365,4.4612622679918825,12,0.022218479340168393,4,0
0.5,0.5,0.5,9,100,0.01,0,40.07569358603383,1.3953412554164826,0.6229514858102428,8.515028173476505,15,0.21392580662594352,7,0
0.5,0.5,0.5,9,100,0.01,1,33.0449186655364,2.1425568340417454,0.6528728222246333,10.775897698944302,14,0.025475755829416132,6,0
0.5,0.5,0.5,9,100,0.01,2,38.513966171423206,1.0323950386543936,0.7357108104373569,4.6319167956104,17,0.16546451565578865,9,0
0.5,0.5,0.5,9,100,0.01,3,43.05759505709009,1.6459035977600607,0.7583878289646772,9.572054829382967,13,0.09619440918955012,5,0
0.5,0.5,0.5,9,100,0.01,4,72.24895065821386,0.9826932781082495,0.41150298344564573,2.700154719216494,14,0.11798166339643172,6,0
0.5,0.5,0.5,9,100,0.01,5,49.33777394914127,1.3186792235944427,0.8578697440658722,4.663551398469528,11,0.026258479749056853,3,0
0.25,0.25,0.75,9,100,0.01,0,74.74262674304292,1.5100968766019056,0.6274186457543238,8.747777763464313,16,0.18987002408953824,8,0
0.25,0.25,0.75,9,100,0.01,1,36.57278598239737,14.081686085457124,0.538854109012594,136.1154376289931,12,0.020610095730182524,4,0
0.25,0.25,0.75,9,100,0.01,2,41.03223000019623,1.2228237249690515,0.739800060328121,8.343270607975478,17,0.22570196667082063,9,0
0.25,0.25,0.75,9,100,0.01,3,97.63532104913789,1.587088851397522,0.7118594431300482,9.952898447619656,12,0.17710131903769674,4,0
0.25,0.25,0.75,9,100,0.01,4,138.37841061817238,1.452267161523917,0.5469548043719928,6.308070432676582,15,0.2212346705561818,7,0
0.25,0.25,0.75,9,100,0.01,5,73.74702039754034,1.37019182452073,0.7581084951942882,4.811251193285939,11,0.04261199489906519,3,0
0.1,0.1,0.9,9,100,0.01,0,179.26134087530892,1.2957285890631147,0.6850597419549445,4.3432036127236975,15,0.20370872537570023,7,0
0.1,0.1,0.9,9,100,0.01,1,63.731690356869564,7.7819848528111155,0.6436212213972752,89.12659295711181,14,0.024983867755638232,6,0
0.1,0.1,0.9,9,100,0.01,2,82.59753439215038,0.8302676855563798,0.7454656332546054,2.542980052873725,16,0.3162695185318501,8,0
0.1,0.1,0.9,9,100,0.01,3,258.37668093978925,1.666343879645511,0.6991683431678793,11.822811038590306,13,0.4479170811233066,5,0
0.1,0.1,0.9,9,100,0.01,4,338.2116179950377,0.9080613812865811,0.6234589558180623,4.1077645232521105,14,0.49371105640593194,6,0
0.1,0.1,0.9,9,100,0.01,5,155.65317471080652,1.4081753147754172,0.8421911293991063,4.296161698996134,12,0.1098380005599617,4,0
0.01,0.01,0.99,9,100,0.01,0,1748.7590668133546,11.808017927129386,1.312337362230596,54.309309463668605,10,1.0431696119378926,6,4
0.01,0.01,0.99,9,100,0.01,1,640.8826632186241,2.1326662414489856,0.8146797866827821,8.858748900509658,13,0.07829599054238477,5,0
0.01,0.01,0.99,9,100,0.01,2,790.6814488129407,2.871640078665061,0.7506760199784339,30.18623606484895,17,0.5479363798994531,9,0
0.01,0.01,0.99,9,100,0.01,3,2652.8716599109653,0.9234656412741499,0.7753975707973702,2.5509044494461777,12,2.199351789224888,4,0
0.01,0.01,0.99,9,100,0.01,4,3340.8448745019227,5.147916610698208,1.0981308482611056,45.89220277435081,14,2.4548447247204326,7,1
0.01,0.01,0.99,9,100,0.01,5,1417.4545630082393,2.1427477324434427,0.9994839629912894,9.81989121181799,9,0.787086374770667,3,2
0.0,0.0,1.0,9,100,0.01,0,327556685400.9994,0.7419215842011029,0.7733018209252642,1.4209439550664063,8,0.8521331098792706,6,6
0.0,0.0,1.0,9,100,0.01,1,730376183649.8479,1.2388586355032494,1.2992990223800047,3.1629978871190048,10,0.8539933108122147,7,5
0.0,0.0,1.0,9,100,0.01,2,407734717964.57513,0.6395926994816471,0.4464150202791978,1.9440554226653068,15,0.8463761340911713,10,3
0.0,0.0,1.0,9,100,0.01,3,341582132948.2502,0.8036917391642948,0.5597804500228475,1.5837292183160072,9,0.8588053145533736,5,4
0.0,0.0,1.0,9,100,0.01,4,560465248277.0765,1.0036996850481503,0.7014548541996332,2.219608784936328,13,0.8506243296814577,8,3
0.0,0.0,1.0,9,100,0.01,5,662373936413.2028,0.9235508446334629,1.177508078129296,1.5250264109685132,8,0.8525965662443514,5,5
1.0,1.0,0.0,9,250,0.001,0,13.950294542173225,0.4663711332113615,0.36928649133369845,1.175023330578778,10,0.01588942875709613,2,0
1.0,1.0,0.0,9,250,0.001,1,10.51193831428122,0.3924130168322793,0.4058767437344465,0.9834307874146206,12,0.2706036447875829,4,0
1.0,1.0,0.0,9,250,0.001,2,9.636326752676196,2.617697888668224,0.6034687528173824,12.392708775618539,13,0.060192306219910556,5,0
1.0,1.0,0.0,9,250,0.001,3,10.70414120849787,0.5067363852339252,0.5002502484205175,1.428776433144657,11,0.1008736643760837,3,0
1.0,1.0,0.0,9,250,0.001,4,16.907132487961714,0.4028515348355075,0.4015906944755018,1.0832479915220063,8,0.0008513546722190971,0,0
1.0,1.0,0.0,9,250,0.001,5,17.97137995133998,0.6479184924348288,0.5856091748070396,1.968747387277159,11,0.23391911188844886,3,0
0.75,0.75,0.25,9,250,0.001,0,15.534281968597242,0.43229234518582726,0.32859088273421255,0.9598763568978552,10,0.008867135706201332,2,0
0.75,0.75,0.25,9,250,0.001,1,11.367145789674197,0.36564042761085774,0.40196922981609684,0.8222210851085692,12,0.29433644168666384,4,0
0.75,0.75,0.25,9,250,0.001,2,10.488658608854035,6.67748754803074,0.5551429109206627,61.33886163108702,13,0.09825518517300937,5,0
0.75,0.75,0.25,9,250,0.001,3,12.485612809257237,0.5431915897208551,0.4743913888066209,1.5120127073381333,11,0.05411639587598406,3,0
0.75,0.75,0.25,9,250,0.001,4,18.487402887407967,0.41395138004052023,0.4451339339475029,1.014817573449348,8,0.0008100339649130803,0,0
0.75,0.75,0.25,9,250,0.001,5,19.59984696185913,0.6474397640798594,0.6235513941441253,1.7757248787687812,12,0.23412745984182498,4,0
0.5,0.5,0.5,9,250,0.001,0,20.056696516840656,0.43571244629663497,0.448816853566504,0.8209933240276968,10,0.004129040272132204,2,0
0.5,0.5,0.5,9,250,0.001,1,14.247047534756245,0.3639549632186843,0.4317842160793892,0.6333414994628741,12,0.3584130194913776,4,0
0.5,0.5,0.5,9,250,0.001,2,13.22139012041981,2.5409878495724585,0.5145118609077088,15.891143167434544,11,0.16392787935619388,3,0
0.5,0.5,0.5,9,250,0.001,3,17.877173759915088,0.5426661836059666,0.45564230343189577,1.834905049202774,9,0.0018780658260312234,1,0
0.5,0.5,0.5,9,250,0.001,4,24.067128208659536,0.4547959421939598,0.5479239692292854,0.96177471955852,8,0.0010481856954546946,0,0
0.5,0.5,0.5,9,250,0.001,5,24.640797684827156,0.6654408935982289,0.6337482083116175,1.629109703379517,12,0.24956460195086205,4,0
0.25,0.25,0.75,9,250,0.001,0,35.726648576523665,0.4135654269409743,0.4727135147316309,0.7621920649900672,8,0.0018998345454244558,0,0
0.25,0.25,0.75,9,250,0.001,1,25.678108078299346,0.35805117660241087,0.37737232940648946,0.7814795565347991,11,0.4895213694374631,3,0
0.25,0.25,0.75,9,250,0.001,2,23.12061385980128,1.6681081176486119,0.6241170838446212,6.750478237801079,11,0.23065219589654962,3,0
0.25,0.25,0.75,9,250,0.001,3,36.021833507873616,0.4316984056823832,0.5043341451324334,0.7226511066362306,8,0.0007615981178729687,0,0
0.25,0.25,0.75,9,250,0.001,4,44.36517968138259,0.4921915353318709,0.589014459699887,0.8496344293897746,8,0.0013238325790661588,0,0
0.25,0.25,0.75,9,250,0.001,5,42.2435623787154,0.709014740436662,0.6825399704442491,1.4537379857874706,12,0.28107686544171306,4,0
0.1,0.1,0.9,9,250,0.001,0,84.64399237027445,0.603196135453193,0.6010100292103804,1.418545487698563,10,0.027008460592189927,2,0
0.1,0.1,0.9,9,250,0.001,1,63.27929921023749,0.39520800294519914,0.36723930020389517,0.7577887896054258,10,0.5747763784304658,3,1
0.1,0.1,0.9,9,250,0.001,2,55.63322367552865,1.6204201152734417,0.7022522720905107,6.227423256496452,10,0.280831915491006,2,0
0.1,0.1,0.9,9,250,0.001,3,92.00499429170998,0.4239943796289266,0.5389333452189722,0.7198456713093785,8,0.0018295214902647476,0,0
0.1,0.1,0.9,9,250,0.001,4,107.08615159348017,0.6467267998111523,0.5342622710426781,1.646343738830373,10,0.008864698056315047,2,0
0.1,0.1,0.9,9,250,0.001,5,98.71479750022773,0.7581688047151935,0.7820216709873778,1.3551934733152506,11,0.2925341786469333,3,0
0.01,0.01,0.99,9,250,0.001,0,822.8905187483438,0.8510762313666373,0.1591210428132409,2.96328867394208,12,0.09465459407110141,4,0
0.01,0.01,0.99,9,250,0.001,1,637.2572217100792,0.6262648507767501,0.17071338169696287,1.8713193024239594,7,0.5891549410285608,2,3
0.01,0.01,0.99,9,250,0.001,2,557.9224114634375,1.3177344096009789,0.5242767299314874,5.19214237027678,12,0.3150599803348504,4,0
0.01,0.01,0.99,9,250,0.001,3,935.7916582115815,0.1715220984771499,0.18439600202970918,0.2191932206115274,8,0.020352756542594223,0,0
0.01,0.01,0.99,9,250,0.001,4,1050.880211137381,0.4231049378694651,0.18623387784841156,1.491731050583843,10,0.06113617766542628,2,0
0.01,0.01,0.99,9,250,0.001,5,961.8008117074305,0.7966318603756118,0.7732901867937353,3.116942740599748,11,0.2581822400760126,3,0
0.0,0.0,1.0,9,250,0.001,0,336765410663.7542,0.8812073508207324,1.254968349713439,1.3339549507626716,6,0.852302813949971,4,6
0.0,0.0,1.0,9,250,0.001,1,332486993227.54535,0.38878396170483903,0.05287537662776652,1.1107267958023985,6,0.8523211343235094,4,6
0.0,0.0,1.0,9,250,0.001,2,276723824378.81836,0.9000481001876434,1.3148501425145893,1.334801753169959,6,0.8523131910960526,4,6
0.0,0.0,1.0,9,250,0.001,3,273583465560.31293,0.8760228607396918,1.2135792486445465,1.3637460123228,6,0.8523184313397653,4,6
0.0,0.0,1.0,9,250,0.001,4,310951124468.4988,0.9041003747006143,1.3034002305476409,1.357473276958521,6,0.852326392741167,4,6
0.0,0.0,1.0,9,250,0.001,5,372138221541.8848,0.8268700665817722,1.0942361564613168,1.3341001194394109,6,0.8523523905729335,4,6
1.0,1.0,0.0,9,250,0.01,0,13.950294542173225,0.4841618537888205,0.3667496303459402,1.1852231651856564,10,0.02202396355592993,2,0
1.0,1.0,0.0,9,250,0.01,1,10.51193831428122,0.475893944200157,0.45778198907317086,1.1289643851567495,12,0.26673363855854854,4,0
1.0,1.0,0.0,9,250,0.01,2,9.636326752676196,2.658137390253481,0.6024712518990764,12.706435320790051,13,0.060297632385020665,5,0
1.0,1.0,0.0,9,250,0.01,3,10.70414120849787,2.0040247355259213,0.5031375807170231,18.264540354885604,12,0.09778740970742886,4,0
1.0,1.0,0.0,9,250,0.01,4,16.907132487961714,1.4952437944064398,0.512633112110702,7.53665980883517,12,0.01696302644494373,4,0
1.0,1.0,0.0,9,250,0.01,5,17.97137995133998,0.6856427595347449,0.6216434058524362,1.9453822914969534,11,0.23170636847886011,3,0
0.75,0.75,0.25,9,250,0.01,0,15.534281968597242,0.7405840866579015,0.5651996290438327,2.1961215445103117,12,0.01719990060289678,4,0
0.75,0.75,0.25,9,250,0.01,1,11.367145789674197,0.5884685582186703,0.4856809821325699,2.17323814244135,13,0.2922108496193389,5,0
0.75,0.75,0.25,9,250,0.01,2,10.488658608854035,7.621932816512361,0.5536148673405948,73.85716272783264,13,0.09866398170058481,5,0
0.75,0.75,0.25,9,250,0.01,3,12.485612809257237,1.7574403208014386,0.5517697650795202,10.443296123233894,13,0.05603751766693889,5,0
0.75,0.75,0.25,9,250,0.01,4,18.487402887407967,2.3793537614583724,0.5248822697546994,17.994026627796178,12,0.01905848037078619,4,0
0.75,0.75,0.25,9,250,0.01,5,19.59984696185913,0.7032523861064591,0.680417327458748,1.756832422315662,12,0.2341521875782156,4,0
0.5,0.5,0.5,9,250,0.01,0,20.056696516840656,1.0006696837493823,0.7301894682246775,2.587474142625686,14,0.015806893491672254,6,0
0.5,0.5,0.5,9,250,0.01,1,14.247047534756245,0.5569452955079751,0.5093988819617424,1.7369973451724303,13,0.355609718062909,5,0
0.5,0.5,0.5,9,250,0.01,2,13.22139012041981,2.385482389017032,0.5979725994387888,15.367825923039232,12,0.1638192117918969,4,0
0.5,0.5,0.5,9,250,0.01,3,17.877173759915088,1.0543175405794012,0.5239117754966829,3.8318685468246,12,0.015595639359950909,4,0
0.5,0.5,0.5,9,250,0.01,4,24.067128208659536,1.817009207065462,0.5748728576687394,11.000638438369243,12,0.02307609343729603,4,0
0.5,0.5,0.5,9,250,0.01,5,24.640797684827156,0.7303473055704232,0.6812718434349427,1.6075900663459055,12,0.25290744259372455,4,0
0.25,0.25,0.75,9,250,0.01,0,35.726648576523665,0.9965416170420305,0.5849707870740104,2.526055450731853,13,0.024823663800425746,5,0
0.25,0.25,0.75,9,250,0.01,1,25.678108078299346,0.5358833682008874,0.3807791885104919,2.2176165246589594,11,0.48946917238101123,3,0
0.25,0.25,0.75,9,250,0.01,2,23.12061385980128,1.703594144373996,0.6587039573804662,7.2523043484934195,12,0.2330433166960235,4,0
0.25,0.25,0.75,9,250,0.01,3,36.021833507873616,0.9666099795043258,0.58089184246528,2.6433747347674985,12,0.012798838332630631,4,0
0.25,0.25,0.75,9,250,0.01,4,44.36517968138259,1.107007117766126,0.6926486236966044,3.8034469171293472,13,0.037964860776391926,5,0
0.25,0.25,0.75,9,250,0.01,5,42.2435623787154,0.9246893545846308,0.811744573796277,2.431213781662991,13,0.28765070356804634,5,0
0.1,0.1,0.9,9,250,0.01,0,84.64399237027445,1.023857587610404,0.6321756801897664,3.1273092553278645,13,0.07928650328499957,5,0
0.1,0.1,0.9,9,250,0.01,1,63.27929921023749,1.1244827542422835,0.361082541392309,7.268909017515663,11,0.5721170208786972,3,0
0.1,0.1,0.9,9,250,0.01,2,55.63322367552865,1.5512961121908753,0.8169347152695543,6.05973233946147,11,0.29031677898932606,3,0
0.1,0.1,0.9,9,250,0.01,3,92.00499429170998,0.942361292362505,0.5771585876382679,3.100720955914429,12,0.030419447120427965,4,0
0.1,0.1,0.9,9,250,0.01,4,107.08615159348017,1.1264463999244756,0.6623205985917314,3.658178306823072,12,0.07706350902945583,4,0
0.1,0.1,0.9,9,250,0.01,5,98.71479750022773,1.0214281752426442,0.9550275050376693,3.228776013886044,12,0.3173097634240651,4,0
0.01,0.01,0.99,9,250,0.01,0,822.8905187483438,1.3797972088970505,0.6288431538729002,3.760626022238822,12,0.42791872424866584,4,0
0.01,0.01,0.99,9,250,0.01,1,637.2572217100792,0.6725870530781205,0.2674579813567373,3.1699818853676156,9,0.7436798148010046,3,2
0.01,0.01,0.99,9,250,0.01,2,557.9224114634375,0.8005398047656751,0.5807968752396444,1.93847544582351,11,0.4701679667367907,3,0
0.01,0.01,0.99,9,250,0.01,3,935.7916582115815,0.6621544150349574,0.4204739998758182,1.5826354946331433,13,0.6241242186170509,5,0
0.01,0.01,0.99,9,250,0.01,4,1050.880211137381,1.468694916614853,0.6303842255817189,10.329628475176243,11,0.552406820278813,3,0
0.01,0.01,0.99,9,250,0.01,5,961.8008117074305,1.2179169349401773,1.2363782893432163,2.9826608038009006,11,0.5440448413846527,3,0
0.0,0.0,1.0,9,250,0.01,0,336765410663.7542,0.9389397393495954,1.336149239850259,1.4567779089855561,6,0.8519334655878315,4,6
0.0,0.0,1.0,9,250,0.01,1,332486993227.54535,0.5282710646814897,0.2656739038755933,1.3703408315872203,6,0.852090332935293,4,6
0.0,0.0,1.0,9,250,0.01,2,276723824378.81836,0.927703921367093,1.31562767644183,1.417356938883689,6,0.8520033644780995,4,6
0.0,0.0,1.0,9,250,0.01,3,273583465560.31293,0.9526115890718411,1.2994150876949173,1.6040245680628544,6,0.8520999331861795,4,6
0.0,0.0,1.0,9,250,0.01,4,310951124468.4988,0.8603528136306241,1.2885983713864941,1.4890872302521965,7,0.8521643203043314,5,6
0.0,0.0,1.0,9,250,0.01,5,372138221541.8848,0.8676622016425751,1.1563436074233013,1.3977606898890886,6,0.8523314847626289,4,6
1.0,1.0,0.0,9,1000,0.001,0,7.5990610915215955,0.29988940132914943,0.3219018204684049,0.6930626022809212,8,0.00023757194303366503,0,0
1.0,1.0,0.0,9,1000,0.001,1,8.182659086718871,0.4344477252018402,0.30141157645388916,1.5966012155174474,12,0.07509675608975323,4,0
1.0,1.0,0.0,9,1000,0.001,2,8.056578437835894,2.1671112415951703,0.439315410172635,9.399854580204439,12,0.08316624043676306,4,0
1.0,1.0,0.0,9,1000,0.001,3,6.75416663599516,0.2258944057582404,0.20278915067044906,0.4838071176793846,8,0.0003277594275056073,0,0
1.0,1.0,0.0,9,1000,0.001,4,6.272807661340004,0.8521236485960796,0.25226238636961723,5.542349803078954,9,0.05754396685738324,1,0
1.0,1.0,0.0,9,1000,0.001,5,7.251644828969375,0.29598828558582135,0.21090181088618198,0.7253874787893627,8,0.00011711114652217514,0,0
0.75,0.75,0.25,9,1000,0.001,0,9.000154315461138,0.3071784108727121,0.30613648017899586,0.645320067943997,8,0.00029903103608477406,0,0
0.75,0.75,0.25,9,1000,0.001,1,9.546563091691823,0.46848634366005976,0.29795220943625594,1.7360287390161362,12,0.10993543717727132,4,0
0.75,0.75,0.25,9,1000,0.001,2,9.545283786623546,2.484716718130043,0.49508967252569214,10.507705140446689,12,0.12949183849937781,4,0
0.75,0.75,0.25,9,1000,0.001,3,8.160635295770152,0.2503003370929062,0.2445632268574764,0.48272749027508105,8,0.000445774023118072,0,0
0.75,0.75,0.25,9,1000,0.001,4,7.93012413263255,1.4421677333606493,0.32622375156255334,10.588133471589094,9,0.11083188330951685,1,0
0.75,0.75,0.25,9,1000,0.001,5,8.55579237981611,0.30918619076457354,0.2705345198481123,0.651876464615016,8,8.7194771966566e-05,0,0
0.5,0.5,0.5,9,1000,0.001,0,12.675822202861799,0.3447656013474739,0.3670664486642517,0.6103709326933322,8,0.0003453733549070072,0,0
0.5,0.5,0.5,9,1000,0.001,1,12.566871428286328,0.5374909937029273,0.34354630430316774,1.8592900225392097,11,0.11988199681215983,3,0
0.5,0.5,0.5,9,1000,0.001,2,12.808953888681472,11.058691675559299,0.711145953252829,124.54141937257157,13,0.18649067273996542,5,0
0.5,0.5,0.5,9,1000,0.001,3,11.854744379644659,0.39115753292743594,0.36615509286652403,1.120297868877568,9,0.006615382753112199,1,0
0.5,0.5,0.5,9,1000,0.001,4,11.341459266205545,24.42400176971107,0.4491020111462184,216.96879653321164,9,0.17611932597141255,1,0
0.5,0.5,0.5,9,1000,0.001,5,11.581235006054245,0.3442822602229233,0.37407146494127436,0.6727829403753653,8,5.126627953860283e-05,0,0
0.25,0.25,0.75,9,1000,0.001,0,25.266874580966345,0.39446474126310804,0.4636375627123215,0.6837177580880867,8,0.0004998895190002459,0,0
0.25,0.25,0.75,9,1000,0.001,1,22.56430704621453,0.6509394394788776,0.47068786812311414,1.9825943190467228,11,0.11368193179967803,3,0
0.25,0.25,0.75,9,1000,0.001,2,23.417120743499005,1.722464009724174,0.6772645241655384,7.541664506534359,12,0.2450810756367171,4,0
0.25,0.25,0.75,9,1000,0.001,3,23.612188192108523,0.47193680812768496,0.4531662650209898,1.0430250169942108,10,0.033105839569522844,2,0
0.25,0.25,0.75,9,1000,0.001,4,21.67716125301284,1.790376595311209,0.5935645895092172,9.20670219996469,10,0.2432957649593177,2,0
0.25,0.25,0.75,9,1000,0.001,5,22.449413166130377,0.4006968498296497,0.5058633512412958,0.750756669803232,8,0.00013280929783761778,0,0
0.1,0.1,0.9,9,1000,0.001,0,63.503388834957455,0.35845703361383485,0.5297639794755642,0.6017087708556996,8,0.0009771809065856054,0,0
0.1,0.1,0.9,9,1000,0.001,1,53.81526879293773,0.7306640157527752,0.5847435980609105,2.155690697016303,11,0.10236280983829953,3,0
0.1,0.1,0.9,9,1000,0.001,2,56.39632787544172,1.249285477943262,0.6790066500667198,4.497915613109589,12,0.28118599245276815,4,0
0.1,0.1,0.9,9,1000,0.001,3,59.067904526425224,0.5100995571066301,0.5649164997060351,0.9998155241983905,10,0.05060815617159331,2,0
0.1,0.1,0.9,9,1000,0.001,4,53.18250305147116,1.5321337232359067,0.5867598265307208,6.196156365720243,10,0.28054185320962893,2,0
0.1,0.1,0.9,9,1000,0.001,5,56.199543434428485,0.3784006434359565,0.3992116161970959,0.678335005148876,8,0.000290612909459637,0,0
0.01,0.01,0.99,9,1000,0.001,0,637.0996926611604,0.3971284182215768,0.052811227041729726,1.8096215896061545,10,0.02447689070801628,2,0
0.01,0.01,0.99,9,1000,0.001,1,526.733562683911,0.603214537597442,0.06902860551016549,2.785271048954932,10,0.07747168034433186,2,0
0.01,0.01,0.99,9,1000,0.001,2,555.2158453956827,0.43970119832796273,0.11047481490213878,1.7034768379806664,10,0.31349350265963394,2,0
0.01,0.01,0.99,9,1000,0.001,3,591.0678883950754,0.3950236932278882,0.14595527196465002,1.4923442772027862,10,0.06659156703157175,2,0
0.01,0.01,0.99,9,1000,0.001,4,529.1491888013437,0.3395199416539071,0.06474547304383588,1.477053398307087,10,0.2964785606584138,2,0
0.01,0.01,0.99,9,1000,0.001,5,564.5028511690633,0.5379740168882107,0.02750534864676249,2.5937626503029385,10,0.03151507284706831,2,0
0.0,0.0,1.0,9,1000,0.001,0,238849432444.23807,0.8813293378588815,1.289970370933349,1.3038695749902283,6,0.8523443760746856,4,6
0.0,0.0,1.0,9,1000,0.001,1,243815582348.88928,0.9170599173540311,1.3466507799875451,1.347759617867925,6,0.8523269228851742,4,6
0.0,0.0,1.0,9,1000,0.001,2,240858410661.3074,0.8849823870987,1.2325887923043157,1.366663935435937,6,0.8523284299529629,4,6
0.0,0.0,1.0,9,1000,0.001,3,237899485096.66937,0.8768177899097734,1.2135403349144784,1.3670410214534419,6,0.8523465325855696,4,6
0.0,0.0,1.0,9,1000,0.001,4,231516668016.2356,0.8433739217009025,1.1414420426083263,1.3335600753633141,6,0.8523334968434351,4,6
0.0,0.0,1.0,9,1000,0.001,5,232549573128.8772,0.9207248793767455,1.3333656131871656,1.37453666435734,6,0.8523341042246652,4,6
1.0,1.0,0.0,9,1000,0.01,0,7.5990610915215955,0.299862180331676,0.321391390825202,0.6920544461186627,8,0.0027369475956036315,0,0
1.0,1.0,0.0,9,1000,0.01,1,8.182659086718871,0.43297568885238213,0.30016428782164867,1.5993625828303557,12,0.07459687004644934,4,0
1.0,1.0,0.0,9,1000,0.01,2,8.056578437835894,2.148428899491403,0.43974468782376175,9.474385962793118,12,0.08468543085633949,4,0
1.0,1.0,0.0,9,1000,0.01,3,6.75416663599516,0.2257127612610222,0.20284887802115148,0.48462358371737724,8,0.003277594275054308,0,0
1.0,1.0,0.0,9,1000,0.01,4,6.272807661340004,0.8613277534460797,0.2522390735588135,5.626557863642209,9,0.058036748244366325,1,0
1.0,1.0,0.0,9,1000,0.01,5,7.251644828969375,0.29602601950253793,0.21117000503514133,0.7259458080469832,8,0.0012406526500229648,0,0
0.75,0.75,0.25,9,1000,0.01,0,9.000154315461138,0.30715131744045104,0.30544963502708494,0.6443815560323551,8,0.0032463421173822477,0,0
0.75,0.75,0.25,9,1000,0.01,1,9.546563091691823,0.46603904892178316,0.2978700968933552,1.7390868085272264,12,0.10907729485667779,4,0
0.75,0.75,0.25,9,1000,0.01,2,9.545283786623546,2.354395826743139,0.5645453391998101,10.578327875302348,13,0.13230410224322284,5,0
0.75,0.75,0.25,9,1000,0.01,3,8.160635295770152,0.24999553875613278,0.24458277514899107,0.4825643946093153,8,0.004457740231181693,0,0
0.75,0.75,0.25,9,1000,0.01,4,7.93012413263255,1.5501486430692921,0.32622772137012146,11.562342684667078,9,0.11083973047214361,1,0
0.75,0.75,0.25,9,1000,0.01,5,8.55579237981611,0.30902947186785096,0.27126238325318713,0.6517208419818923,8,0.0010186829326788913,0,0
0.5,0.5,0.5,9,1000,0.01,0,12.675822202861799,0.3446966036211201,0.3673023727139193,0.6095505632608801,8,0.003642324515177242,0,0
0.5,0.5,0.5,9,1000,0.01,1,12.566871428286328,0.5536675043379058,0.36778734922066386,1.980594938994271,12,0.12006690660134586,4,0
0.5,0.5,0.5,9,1000,0.01,2,12.808953888681472,9.859886976914407,0.7135516908026659,109.60471061701386,13,0.19079918683028468,5,0
0.5,0.5,0.5,9,1000,0.01,3,11.854744379644659,0.3908125329724555,0.3652264089994167,1.122038165516802,9,0.01024763051890897,1,0
0.5,0.5,0.5,9,1000,0.01,4,11.341459266205545,12.623518556200196,0.44946817796823735,110.7684265391217,9,0.17585058893764902,1,0
0.5,0.5,0.5,9,1000,0.01,5,11.581235006054245,0.8821316241609084,0.4459331874312781,3.341731732944058,10,0.006978041087193669,2,0
0.25,0.25,0.75,9,1000,0.01,0,25.266874580966345,0.3948296102897235,0.4638331783708227,0.6904830871855112,8,0.004359399146300471,0,0
0.25,0.25,0.75,9,1000,0.01,1,22.56430704621453,0.7122452858129523,0.4730143681177847,2.358942333978639,11,0.11388276875200014,3,0
0.25,0.25,0.75,9,1000,0.01,2,23.417120743499005,1.728529577989218,0.6951459985736856,7.81428541395725,12,0.25219642090525995,4,0
0.25,0.25,0.75,9,1000,0.01,3,23.612188192108523,0.7237993732388083,0.46065981342254364,2.9829477057745857,11,0.0418463770933443,3,0
0.25,0.25,0.75,9,1000,0.01,4,21.67716125301284,1.830023259973418,0.5934433990063308,9.450347419066132,10,0.24358194942216915,2,0
0.25,0.25,0.75,9,1000,0.01,5,22.449413166130377,0.9285919303289317,0.5315895551916938,3.103833114675156,10,0.014190058790255358,2,0
0.1,0.1,0.9,9,1000,0.01,0,63.503388834957455,0.6789992851951998,0.5596968434254868,2.052546873828492,10,0.011609905367473366,2,0
0.1,0.1,0.9,9,1000,0.01,1,53.81526879293773,0.8520964742341117,0.5887939219017176,2.9785836831952053,11,0.10260046671413584,3,0
0.1,0.1,0.9,9,1000,0.01,2,56.39632787544172,1.27011004678987,0.6984278485947726,4.685951218253961,12,0.29855659243294114,4,0
0.1,0.1,0.9,9,1000,0.01,3,59.067904526425224,0.807913678808423,0.5858371892868652,3.3803714494181,11,0.0641546943270022,3,0
0.1,0.1,0.9,9,1000,0.01,4,53.18250305147116,1.4805312803845192,0.7306267368591113,6.220887889380345,12,0.2807826384873515,4,0
0.1,0.1,0.9,9,1000,0.01,5,56.199543434428485,1.0916657262382652,0.5465317991902076,4.012888904411912,11,0.033110716813817,3,0
0.01,0.01,0.99,9,1000,0.01,0,637.0996926611604,0.9892848055831457,0.2209896254540149,3.819436715739614,12,0.1563658026561577,4,0
0.01,0.01,0.99,9,1000,0.01,1,526.733562683911,0.451904314433758,0.14638631417455766,1.548492293887999,10,0.06610795156594705,2,0
0.01,0.01,0.99,9,1000,0.01,2,555.2158453956827,0.7655862383192191,0.47097146371465526,2.160438066536477,10,0.4911308879100607,2,0
0.01,0.01,0.99,9,1000,0.01,3,591.0678883950754,0.9550504003399557,0.30276746018746314,6.063762819038653,11,0.30424278022485657,3,0
0.01,0.01,0.99,9,1000,0.01,4,529.1491888013437,0.8395245245745886,0.3143819694659765,2.8077292016669118,12,0.3209136518925539,4,0
0.01,0.01,0.99,9,1000,0.01,5,564.5028511690633,1.928593581696336,0.257374265824667,10.231953065914338,12,0.3366397249321334,4,0
0.0,0.0,1.0,9,1000,0.01,0,238849432444.23807,0.8916586046673268,1.290059383845275,1.3692372201730905,6,0.8523210709480191,4,6
0.0,0.0,1.0,9,1000,0.01,1,243815582348.88928,0.9293785441661889,1.3440265503632842,1.4260422817669316,6,0.8521452967154057,4,6
0.0,0.0,1.0,9,1000,0.01,2,240858410661.3074,0.8975826402655995,1.2709428981348543,1.3703281203485487,6,0.8521651091037346,4,6
0.0,0.0,1.0,9,1000,0.01,3,237899485096.66937,0.8986014728216447,1.2134008726598564,1.504077874142592,6,0.852344208828659,4,6
0.0,0.0,1.0,9,1000,0.01,4,231516668016.2356,0.8758510457558447,1.176832502414415,1.4022199527011439,6,0.8522112073051691,4,6
0.0,0.0,1.0,9,1000,0.01,5,232549573128.8772,0.9691403588788937,1.3337617719669423,1.5719409425000428,6,0.8522192757460931,4,6
